Significance,Significance_Error
9.134225342475062,1.5962042153244467
18.03031775349379,3.256077298510032
9.690653516909208,1.5171695569180554
11.339182985820813,1.4053082917066613
13.21272162576619,1.6412905751170195
10.817610996034976,1.4956252348964312
14.079146892788778,1.8256456424883554
10.330207914749659,1.8340334440853259
14.05271147605223,2.3320162720422775
12.362561101980397,1.5279055368547532
11.50712082573374,1.6982212089252788
15.364075305666182,4.083004373745359
9.381157906101524,1.5070915187373903
11.575587836432938,2.752108969089855
11.842828671063808,1.6597849954205994
13.787237797045131,2.1911852721569067
11.9635655920268,2.170068036644209
11.957636969651299,2.377989768591255
11.439441746536621,1.745468381394601
13.502685888046823,1.4170325004196476
14.496127551875956,1.9600691906633791
12.819989549145514,2.014705584433122
19.326455693477957,2.8289002403299643
14.86681654895929,2.4622110316687946
14.309405453689777,2.5388052192302553
15.722132398781268,2.593822211813808
11.460705200699397,1.9628852874273868
10.314248639249321,1.57653497760837
11.227389944985237,1.8955251533835829
11.180506066899863,1.5929173567208161
11.69552815613545,1.886478124750022
12.394590884224348,1.8354318273460124
11.824304738761233,1.4580139978062538
10.612785876153737,1.7890183116386837
9.289061714960987,1.284186569123026
14.251503284620835,1.5865121350965417
9.608418653851096,1.3320869960295045
13.553881309925766,1.7335338043490427
15.42135730482196,2.9668143833060783
13.018390476688303,2.0024605177543395
10.035300261821385,1.6167071783974452
10.442256740056923,1.3263349859294447
12.838837154724368,1.6427130895892894
8.558276818555775,1.216766129744618
12.092816054733738,1.7227972898105413
12.79635642992927,2.233015815973195
19.0283325353327,3.570171308869408
12.079375720158259,1.9739924238874604
16.47364265543542,2.6877913065608583
13.5837282724236,1.5279686629237643
14.768576989510844,2.5122482176855305
14.055672866653659,1.6698520620144621
12.87845373473452,2.0816305760189255
11.948084192108956,1.7298334448674666
14.764088649098829,2.2182922051296807
9.50631259064313,1.4113068187433748
14.148918750907331,2.3035542626259593
13.976057573539615,1.7401298098257163
13.707313775497619,2.0305515763456636
14.354480232080421,1.6806714030061776
13.239591423049568,2.4972678398516672
15.021462887280979,1.9859988436134848
12.93169345953756,1.5679383390414894
10.886678339904545,1.6848197142640244
10.682781837961441,1.6798372948414333
12.000889583598369,1.47542065264041
12.295899181601047,2.5587015557345696
15.001853220319447,2.472085896447408
14.086373542338862,1.853634822100289
12.817563020228398,1.1923629787638732
10.234559794070798,1.578212878782745
10.63214094263433,1.6667717782985911
9.584431020346669,1.3663336098969112
13.649443792874319,2.622512592528561
14.250728422439208,2.1814373793855366
14.386624551144616,2.7566244404201834
13.152165361121016,1.7489680522342028
15.926269201273078,2.694889305354933
13.872429887179909,1.737648746009269
14.545576654155367,2.7847730750742254
11.29037375106256,1.3945305218625355
14.274572579779086,2.233947694507988
16.538142509461274,2.8547993445721045
13.836969974365692,1.7972058499626278
13.223412424425357,2.1651002147789713
12.359051610238847,1.6367954868164196
12.90896938267736,1.7965083964532738
14.193542425654275,2.6349479361778267
12.637491036509546,1.5614234770680866
15.260135551538522,1.9504415168146731
11.35845534459503,1.7800708351638874
10.344717462030475,1.5852280374661445
13.180155121330852,1.9328029738069943
11.519987997062335,1.5777608084754478
11.228382494584674,1.7220360914821473
14.809980655432355,1.8980786058945027
9.681740643633269,1.6110358045042947
8.185908840464606,1.6384392806987012
12.47450665120217,1.8376961963699305
11.704954736755553,1.5521222816352922
10.844084185386317,1.505868844667981
10.682545156831207,1.6515459856842623
11.354978517281504,1.5041075729903015
12.62992499771874,1.722927354087382
14.110572823693094,2.170409718500358
12.421301532536512,1.9715879242456025
10.844939154158089,1.3841890013360154
12.035206601191524,1.4981032096155351
12.748657681094027,1.6314024329485055
12.954249757567059,2.1891523664198824
18.35064100413665,3.131814594144885
11.136444645263731,1.6610564124313287
11.119646236385616,1.7999243186606397
13.10037666684671,1.7045278892433746
13.253163967929101,1.672484360857432
13.86853078233804,2.0701915575769707
11.141056651255694,1.3680662840593019
11.898304131111543,1.5147353677045539
12.236050779826886,2.0381922787188347
12.553180158094507,3.0552433963931622
13.380756773620574,1.88721774102456
9.804606484686927,1.4549191183026333
12.614440033186186,2.125215985704081
15.789807884269292,2.1060472783105757
12.36967616131897,1.590036667341097
12.767122039508328,1.9678129733314373
12.962620228603244,2.016305936389431
12.156405886107805,1.8112941629824042
11.822326843409803,1.6622623110116863
14.045097371216146,2.5899127943235163
10.921904218277296,1.6210996145123744
14.743605441220883,1.9888948072551096
14.604455470241374,1.803085128392056
11.341193194730755,1.3442527544820673
13.200362170034008,1.7769215103302691
11.46125360245205,1.5232566579058826
11.041081352846444,2.4595233423397764
11.940916516942004,1.5543562066867118
13.720376626606777,1.5483648605784808
12.602169230769706,2.5788701795030162
12.376846873823329,1.4958041105908795
14.717624075764165,2.5695440815788113
11.345253900808881,1.6798061102418913
12.88196631830853,1.7102483498629921
14.074222849094664,2.944385415985315
13.809740311844768,1.7111724186259119
15.178016869670472,2.7653124451144477
10.92722808872943,2.065434867641982
12.324272203262574,1.724510297628507
12.407489056579388,1.4623950451579435
12.384128134852217,1.432509747221629
12.323042844069521,1.7844727874579365
13.573907887967758,2.321650311056612
16.38305909399433,2.5714886213359067
8.0721500404149,1.3562035663241916
11.445905832028686,1.5538681527337899
13.743148870654448,2.9262181932843583
12.152734694475063,2.0991766679843153
12.033673657487016,1.5689442114799697
17.775218878169955,3.661844666042523
10.11768430891036,1.4327463942644492
11.750649525826237,1.7131391131412486
13.274256640522221,1.6195067480727332
12.589223060364317,2.2235679016395498
10.145579896047357,1.5050026219434904
12.348537807248391,1.5125710913619226
13.968053839608826,1.8876349675266342
11.144595662814913,1.5480472234935854
14.35866626480219,3.1230148505797404
12.298068111190021,1.691583548375103
11.00035667845333,1.7523862857463086
11.717843219401981,1.5118421726149152
11.093172951777047,1.4197356310901925
11.206143597197212,1.7435407899670385
11.202562292857179,1.4716838937995482
12.743255834122266,1.948270243202769
12.065882573017522,1.8203261841267082
13.647081211299955,1.7909507613229747
12.81644246176287,1.7336037896838885
13.278825633133282,2.0452347512827713
11.234240178094296,1.4718442420326998
13.800035448245676,2.701967444773873
11.341943791751639,1.45336499623058
16.568600658923142,2.3850018386664735
16.813104380452753,2.7232016129565104
12.890831695237003,1.9345542654291243
13.959909613268856,2.1399336639384234
11.65760154785491,1.6530223001503892
10.532472659936321,1.5391708164390758
12.3322221069402,1.7424847555222756
10.919775449190292,1.7640102803428865
14.141024339164241,1.9167418707139783
13.244311235880163,1.8950670889559482
10.364441052081855,1.5524803188664162
15.750727370365983,2.581914389549738
13.665241802328822,1.8193167806777428
13.042775938227765,1.5297199152554917
13.271817188459773,1.6259015049043908
10.94313931993955,1.4634203772053427
15.452648880205059,2.085289951609267
9.805595283306308,1.826093512800124
11.753250331824232,2.216571790426754
15.194055018221954,2.01308880331959
12.110373868939348,1.596433400156915
13.202571029874232,2.572026330804737
11.154283210067911,1.6935618790719356
14.318727586905384,1.9945359834179588
13.603936767184631,1.8133342213140287
10.729722074561778,1.565046423094196
13.893881255379533,1.6544636035819895
10.714498590355873,1.760868505182187
15.229140030277152,1.8623541023364842
12.711352805935105,1.775499370827458
13.055791036221333,1.802156838010931
12.454208335650545,2.0826140492378684
14.328128909106976,1.7354624831965357
13.881840299924166,2.1015337586126477
10.778148591195185,1.5217534925172422
11.82171637550036,1.5121684663372035
13.21527173700879,1.6183885452003506
12.235680993711084,1.8853702903828016
14.84116736654734,2.056562177802861
13.770947606771749,2.0746990637456544
12.491314591590646,2.2110345263990587
12.352788829325503,1.6999282025880118
10.37494571822781,1.4291862150687287
13.71514191323212,1.791537322532455
13.69173433941744,2.2804278068344734
11.363142289780093,1.54260535713636
16.031230207062226,1.9921816566923098
16.269122714634474,2.2089754596956346
13.014850013692307,1.9849355711662309
10.460679151021829,1.7317845865756563
10.160458638658529,1.4526683361054642
13.316646618820265,1.695503757494953
12.685282303802124,1.6783832018924558
15.81367314512352,2.5343819564429912
12.241075607542477,1.6986431583015684
10.519523645676767,1.4289360010854741
11.7875344838864,1.6780573148232354
8.281813474523357,1.559007843116674
11.821195508356297,1.6712794523012897
9.774440701798424,1.7165744604882414
17.08456045347035,2.037158791756469
15.129199674173561,2.489093834145918
10.175527664792526,2.231688909321528
8.337547310175777,1.2258561921721487
11.509458473253249,1.7547576551625579
10.685187728360683,1.2765357549472567
12.675896387838844,1.9864680247298108
10.894622186026643,1.513174438562247
11.887338345273648,1.5363926520731472
12.373836947790789,1.467334361618082
12.348468566698717,1.7204140022807188
12.7876444697891,1.9285489222240038
13.075151687354069,1.8304719674827017
9.580703245168209,1.2020352596753774
13.505577194257384,2.482483763468178
10.046751583699352,1.5459448395718054
16.96718503741182,3.259329392183237
15.262292078001996,2.12762023824185
12.045714168595689,1.543499386272886
13.973964759973013,2.021134193862203
11.276325149488978,1.7026226861882428
11.954133686839306,1.892166223679378
14.961720234240312,2.102556103991793
13.732845606720364,1.7046372032684796
15.945066967838569,2.3694702097991276
13.95379951206609,1.7099851776716313
11.445943409477033,1.578460747989162
10.317437889943097,1.4459545328239265
11.832001381646684,1.6833941907931347
18.56057559087342,2.7863502367573387
12.798066933125234,1.6075311077567576
15.083790379231878,2.0633370579939663
13.29523207893283,1.8907624670025025
15.603687506056051,2.312482362898676
16.42660831609769,2.61561623736254
13.36406975367285,2.4257411748241884
15.524862679882935,2.817965864271743
11.752074374681346,2.322430242849651
11.07788275696375,1.4924076748266177
11.69345601009659,1.5081950502724093
14.517415994195265,2.9283130783116906
13.523643147933365,1.9709147996383025
18.229133535520756,3.1703479264332164
13.077520759163619,2.0802002000365514
12.990882265040439,1.8982934820725585
11.015400620277644,1.7468295026515925
12.873883691531915,2.115728610759992
13.094642058609711,1.5108263741134325
13.101268708374546,1.8135925839758151
13.803941226107218,1.8216852647909672
14.457051529950412,2.3029153435350356
10.769886196441494,1.526434859381939
10.22174081243417,1.3340834427143962
12.563135052118241,1.6462563726474575
8.006332840112714,1.2113913923859665
10.438816948368533,2.0753673070747967
12.757991961142226,1.7121760590219195
12.1141260737561,1.686820135449861
10.363895678209879,1.2173450679355193
15.168252339399057,2.5290377163757904
12.60065362157926,1.6375294642996758
11.60391196247473,1.5973993726260496
16.607898684047207,3.474743408543087
11.97318847392517,1.7858115026014085
11.123253374291455,1.5196573331707808
9.866484847737459,1.3022922356522955
14.969605917181717,2.976999078412525
8.642831155850867,1.1112622473163785
12.829422827899135,1.779946297564522
12.909644144338387,2.052120334398987
13.153048037163062,1.9999147970612923
13.781625094353869,1.9412938344249902
13.087000744301449,1.6488714469999983
13.765611357756715,2.165105505855766
12.357549286934514,1.84947690535894
11.533052382830691,1.8026430055559133
11.615414608404535,1.9783908148559546
10.813735448341896,1.292417636489565
13.440308141921577,1.4723234667521052
9.96804690462265,1.6039536914921897
10.11721122969145,1.6165325045459613
13.880224227208869,2.0089180651627108
10.733726442084523,1.5753181875587847
14.032152785012647,2.1618219390504416
13.216001059378518,1.6986859372339667
18.43508779663754,3.5520777152915106
18.07589701535727,1.6842008748028174
14.158442726427026,3.3204157540210195
9.304853525403576,1.29196185283216
14.717886267921676,1.8193648322958005
11.503775228333557,2.3706120146189607
10.412711836851972,1.4246928609314666
11.510180444932448,1.851796838120046
12.834129608834461,1.848771850864449
15.810816518496939,2.119560733620786
14.298151297497018,1.7096565854970935
11.584059146043979,1.4180833778414579
18.733181788293624,2.4463300343025827
12.396414292424092,1.9528161743941646
9.949347571756647,1.6809247173986972
14.150232873820606,2.0426460109170286
12.428755162565269,1.4062190133429653
9.166985368356226,1.2817681474503138
17.161216694546322,2.8974071685449143
11.611736700723258,1.4196411074019077
14.894228076701587,1.9408640099048442
9.179514531623422,1.212633923106115
15.068937241746653,2.002352471776985
11.875606261320174,1.5543512872515417
13.732383163131297,1.708048969961372
10.846841865757833,1.523992594011091
16.559322510457047,2.6051078052706136
11.095965301314617,1.5370764184831873
14.907947466914969,2.215766681849665
10.741703548880801,1.9829230891709664
15.98970448289562,2.421248008673567
11.635969710607478,1.5611689433124034
10.403374822832072,1.543759833431457
13.774298477148465,1.6380695743762108
10.371004733577672,1.4940771333871015
12.320186721188433,1.8880354297239679
11.197258024119733,1.6363310686380204
13.781695727935091,2.0905755015369825
10.74063869736982,1.5609432928499052
11.046725882655785,1.4007989571221429
12.673920785709267,1.7191163128079046
9.749665801521806,1.3710883183774953
13.15720042732623,1.5840803396221865
15.776198699517467,2.394780533188111
12.707833405545578,2.17531164282032
12.728763639410163,2.080095798246879
11.881760167386645,1.6635720779068233
10.84971168545658,1.5345873919254116
16.539824298600042,4.380014766625247
12.511834743798929,1.6545520603175858
12.189801313095796,1.8534670375087783
11.755916821396108,1.4482791148958065
10.751910064967198,1.5312444008234314
11.96691530643938,2.302744840546659
15.490828147427635,2.0167456104582038
17.499906580069755,2.9255989314556934
13.208359367271306,2.1129595786720916
12.603187479672048,2.1516987920111386
12.844921106052979,1.7774680539945902
11.456440344005578,2.0816716913257576
9.411423080068214,1.4041451620803598
15.753803890870211,2.130611269503252
13.222555727379527,2.0827628512403304
14.507044945982873,1.7268646010850393
10.077345625137015,1.2744330527773091
9.757146756670165,1.257778728462947
14.701288247734697,2.4616456711252663
15.180237742942197,2.862281949378238
10.70565379223561,1.7298940155348215
15.965327854900718,2.6441442084231115
10.757911840383333,1.6914820950725438
13.19574192778663,3.223026044721379
14.429166053455603,1.963593736734304
13.64934103538243,2.229888774416103
13.733081977892729,1.6675690094362232
12.824387399183033,1.593370293720802
13.722145118948976,2.1125023156929714
11.034844873367758,1.3753243269425737
11.560059628230833,1.5506856440477197
14.852211361078258,2.2105979494726795
13.826998606552028,1.766696992332238
11.466742846300239,1.7751236616972503
10.52628529432738,1.315657873132458
10.495844240040862,1.5470492924181456
18.234213777003056,3.4905441383154896
14.34900077121139,2.5563888656512717
12.285046242135893,1.448450768788227
12.2616390741777,1.9833679689036918
14.91484013235153,2.5989159501390353
13.622838079728956,1.9691423144691003
13.697136296740775,2.1851449195682933
10.506446177332817,1.4267703984627456
13.883829385111724,1.7829707976266365
13.7448819804268,1.9487683543040768
11.793031767412137,1.9396240780465752
10.610921229710616,2.7545705256936683
14.657066136587094,1.9906714719102612
13.291611371007367,1.4500901370786399
14.293309934969532,1.7643326042837655
17.298385614867044,3.148108623121761
11.42588729411063,1.61557663321892
16.09556129596027,1.9902952381965369
12.386546836130965,1.614242231331645
13.732881542273642,2.105353376547809
12.38162898222542,1.842014249373584
15.477787382291039,2.2392530645181745
12.719193419558183,1.749262414091206
13.660701951758057,1.8893270615804798
9.879887169368137,1.3488786922988774
10.844392244615888,1.3026625253338617
10.360079752682635,1.4790966564816517
12.386805916681812,1.9387758339294534
17.369452565113825,3.2445157596802323
14.658937089633701,2.009829504672676
10.788385209027549,1.7836378246480007
11.601015891508618,1.5067798181903655
11.774141913821206,1.7463032024140472
15.302563027293399,1.9760965014970229
13.458874485873293,1.5582930167946427
15.234608661138362,2.060143658563423
14.231383835101555,1.9072307912280306
10.821304017368131,1.5543202364843536
12.364259260747117,1.783263639268469
15.219664817567878,2.628464720586659
14.397452724751872,2.004394624216393
12.18518494926925,1.5438483193416865
11.823196265058813,2.621296186816265
15.211417873211028,2.2722564832512626
19.043173194867226,2.6034792406421343
13.86588415514839,2.0123709872660087
12.702567186783858,2.304673392647585
11.095971318482016,2.433531694975518
12.150287056919904,1.5201693668016967
11.953160543097441,1.8237752641835783
13.011368904172672,1.8732297120165557
11.056555259713424,1.6446409530095394
15.277128706713583,2.1541184913279396
13.775925017911073,2.610948904322415
13.24801910023825,1.5632544001198454
11.100733990405526,1.4352906308254085
13.435058590381837,1.657842502563912
12.460027558821924,1.6788193838046908
12.934854503985257,1.909436141127571
15.56715022727508,2.3881231722796583
14.786448521874958,2.955645760352309
13.766434002589882,2.2159408029649654
10.3190314215995,1.9561022249092823
14.90738729891595,2.777677694472979
14.087791960319066,2.410915218830657
12.665763839994279,1.5834695144797082
10.896731995941721,2.0351578455701858
13.322525618587132,1.9372144918104732
13.565860696407562,2.2545921795090025
13.505539459065876,1.6371584188253894
11.964840111482493,2.081296574737769
11.62174045858163,1.575859980736181
13.514694766258277,1.9834847508627311
14.934134446613962,2.7730223180578064
11.820480616208073,1.8694431766577129
12.927321246726818,1.7825550808613584
12.628653792267196,1.8447311762366825
14.381911365814588,2.097441528773386
12.085742085863906,1.6566930994366853
12.579145018798723,1.465098094230609
10.950171151114516,1.8208063326229424
11.857048638199267,1.500883072803779
12.44376836485442,1.7631186427434102
14.204970123681942,2.3762477650219704
12.91295870311418,1.9006889252804255
13.933611837524746,1.6958311798330243
10.824662546929154,1.6387699369003492
17.290357496684585,5.820472982658992
15.524231933378493,2.6573302435768165
15.640861904281955,2.4943461591245892
12.849392039186439,1.9687185951387285
15.639735230893638,2.893205559078022
11.993636947148046,1.8702800908042738
12.66273900678395,1.7104194766554086
14.848542768074013,2.4992898939623824
12.301540994076255,1.6397102726878763
13.047367831672322,1.7527778407183285
10.063076017023562,1.4984120640325842
12.785034012126179,1.4909797485124117
17.061208830201572,1.926142178201366
10.30030985825805,1.5876686599440497
12.511189300125515,2.4408452817093145
7.514869727409418,1.3658340544332377
12.039011842368522,1.4613545748009729
10.648077435784977,1.4140771004121437
13.310208146876883,1.6805650001712176
9.407738214115215,1.4207745375691625
15.430907274004063,2.0572962324586066
13.857120561234076,2.1485781878359127
13.214038765800783,1.4405359553602939
16.478798701568834,2.8888345478268573
13.757906761897129,2.1856356096664173
11.308943021580276,1.5032656132838855
16.018115125727267,1.964092502265223
7.845924759002182,1.3303637846919987
12.040398064463888,1.5118278510352698
11.816285074946794,1.458446089726388
9.869303830620156,1.3671707947849434
14.618193529386602,2.226721330873825
12.532387406602187,1.6446017091522844
9.568567067436076,1.2568412650382257
13.215604930827725,2.1247372350299125
14.006469160313165,1.7205264817466808
13.12303056928844,1.8554902134186975
9.596523855865547,1.4244243237464833
12.66442346519757,1.4103294211261659
10.477523014300058,1.3165914200563997
11.501338240028803,1.8533096715393136
18.177320675574283,4.749018813441224
10.6474193602099,1.5206984841576683
14.27191666343144,2.09970318676421
14.128490264610214,2.9195398443120486
14.172288572408993,2.440916994465971
15.088938040561269,2.194194449343011
16.25553775753256,2.9894655504809937
11.231418789455125,1.6795553250638895
11.965119372322658,2.1913084546038886
11.450015945072547,2.0317495465545163
13.534361936394806,1.646504152516188
11.935785613610232,1.4980914389799391
10.835214450337974,1.4133715575397758
12.224921167948393,1.9021546685233144
13.65920371892833,1.710889928270658
12.698808575335768,1.8349640327581611
10.764013513506267,1.5332844276458282
10.826015839456566,1.585809967455651
15.46822456409936,2.6480212566651837
14.501218092500977,2.1229810144709247
14.877784105521004,2.237567215819733
13.043488609096359,1.696100475499283
10.153769950558926,1.3873372034688407
11.524585631164094,1.7446936529216552
10.776517686976394,1.613165642098319
9.13345023053414,1.4267776435590462
10.90169860829819,1.5590931216110138
12.48964752247562,1.7049152766559552
14.79177520225228,1.9438023702891
13.837855411456964,1.8647351371445289
11.381948957142516,1.83562444673737
11.102047811503514,1.2962277606036918
12.713213326061888,1.994039929418152
11.409732749670361,1.8091541746595616
13.673865327381716,1.9918914462929649
13.612454248385337,1.6352481107186156
11.958306452541096,1.4923089932156288
11.021324819729987,2.000728619175721
15.023474891410244,2.3093868316678945
9.829339106226085,1.3252280994030554
13.4724187335541,1.7742690864657247
13.966579568589195,2.3751710960113015
10.677601632790324,1.6076327208994947
13.034620024956462,1.6492667038832982
12.515800974730304,2.130821973885184
12.760772779381696,1.8139228680254493
10.796381743450489,1.5884009936949783
12.355644318393656,1.863592644660347
15.091676440849152,1.8547907705334248
10.680309912390864,1.342183363881487
12.226772929234782,1.6403356932516617
10.494721323110339,2.3054753183949073
11.019827256342547,1.3497312695230863
14.252456569303954,2.1461047399146294
12.818347864502732,2.053775041008691
13.91180433839225,2.411584400372946
13.669008370032863,1.9140769329780505
13.53016750414306,1.6347861318526997
13.849754916264231,1.3814844381799636
9.217749635938244,1.2267805450757858
13.090588274769303,1.76395229946541
10.955162416784244,1.7122681481648871
10.562139541403901,1.3440883171818385
12.520901540729986,1.4863867827024
11.77041867671239,1.7653594580854055
14.460851120900927,1.7300994993787115
12.262989668190487,2.0005256049282183
11.18364053875278,1.6190990583760354
14.818173963650773,1.9387477228726022
10.352943326855218,1.9340729916079447
16.338735635330764,2.0190236219451827
11.425869583295874,1.7349037612960259
11.908969000707797,1.619563794513609
11.361002473387979,1.3046165057967534
14.509285761336729,1.973584280966819
11.41549531187296,1.6553520944828113
15.565686702941935,2.177888813129828
13.755017748696309,1.6835042832472302
16.555169004185387,1.9427942310504036
13.287873744075734,2.3016487986724123
15.752812004312615,2.0197441557202476
17.278086791825917,2.5164035282279267
13.380118276926078,2.988342305937215
6.693159078391326,1.3843457329909175
13.892094043596932,2.2057274412172547
15.439802027436944,2.027936113764779
11.946369534438961,2.1869541162425548
12.257760253714428,1.5761101654192247
10.217604436231786,1.5696271012991245
11.284045433171206,1.8785002298480935
13.314903722417297,1.9614875520175308
14.58507659642373,2.6493155015920236
11.373354072422156,1.4694982667750345
11.48386522603628,1.8115325796187371
13.811300620676313,1.7922653490346796
12.378269797965151,2.3258547372655065
9.430506295383493,1.5309196952999575
12.713387265883282,1.8848038305902095
13.153924198419144,1.5017161119977567
14.720484991158045,2.000770408531818
15.527786761218684,2.1064255585113685
11.391269691671807,1.8926813963549025
17.542882461904842,2.8035583524593752
11.01141648428862,1.6277618308788657
17.56363754653735,3.267178549637908
11.64498644501819,2.178684330463987
10.531390526682605,1.3490707877170172
11.3346958855709,1.5725421356363183
17.70240707389627,3.264353813591931
10.63045977522702,1.359901616786637
14.005840369212759,1.6879400747712057
9.61600701389597,1.4851336211794306
15.430138048086748,2.6775021204596134
12.741396981502513,1.6143275587357906
11.473306702785273,1.9247290732204363
14.530303475006752,2.641343857889368
12.637712945019661,1.7923355281789728
12.161051634472294,2.25188474266778
13.841192512508805,12.04483210105066
14.596665376918827,1.9603582035307334
12.374605622332176,1.5728319100640429
11.726208796137172,2.56312870010629
10.48842379358076,1.7779009315490122
12.520852937240663,2.088909238270655
14.833739011015357,2.2763115315202125
11.329870733990893,1.426973712729342
12.145517575569219,1.9312857161007133
11.070715101110114,1.7118684241725064
15.48063658131187,2.4592834592032795
12.798821364773143,1.7465001576271755
17.805003442368733,3.153602815028929
13.4989690108159,1.808399804535841
12.171680247281294,1.9467050134503514
14.817305207076915,3.3495773107087596
12.376812326359989,1.6006420732676603
14.615048735929154,2.071785748370149
10.627206399388799,1.7541947951934287
13.255307557493017,2.3473881688418334
13.380854245423421,1.589211605680966
15.707044268962985,2.505249909918757
13.509308691610922,1.6511173513057944
12.071703653929525,1.6170553828803456
12.055504316996956,1.645389289883183
13.002180261492827,1.7550646607327647
12.60769697664944,1.5147552255906442
15.158435781369912,2.102078950021333
10.592634034485318,1.347176643016508
12.616113567640822,1.6100731217733615
13.641178754170623,1.8259269429903495
13.250506560244169,1.5580004803940803
15.282325312535216,2.1129792596849497
11.63633332136609,2.2851996018864402
18.92894085803785,3.2346256104752906
11.62819529399333,1.7360990551693096
12.353755147513791,1.679573391393088
13.151740305296896,2.003634081427181
6.6436717387451605,1.1568807830663503
12.51220684604224,1.5834217694195223
10.630672085308612,1.4108087855838054
11.160617006304447,2.0205902240350837
15.56625752888041,2.2293158691081785
13.054731883207237,2.178444071185603
12.625961681224435,2.109099540454231
12.366269098737721,2.3438516515490546
11.975007112330708,1.942983498231468
10.79398237621337,1.6595875817609524
13.428738212097151,2.3210349140969373
11.792097406449592,1.925664056286775
12.610622880455653,1.7926099190046738
15.423340758541823,1.9687943620293331
13.701219146098653,2.1787603711426984
14.826489208116211,2.5214931490295243
15.311953525533609,2.767641085567608
13.738794044049643,2.340057458957773
9.694534120647571,1.709718621189361
13.016240797840497,1.9911853470105323
11.809472980576949,1.797634589863849
13.011817158153205,2.0226132808153645
9.726118293308655,1.5461825705980423
9.383723999878713,1.3690271208460212
11.406942100404018,1.416087641630817
10.895197338369469,1.6196452817559148
14.304822966272535,2.5307352857962098
17.934444750667748,3.1895511285590388
13.016862862154634,1.5542670732970674
14.866179335268843,3.0308560582828887
17.25253044114334,3.0972066951974977
12.508767386594473,1.991215167161033
10.256979435388557,1.3142089354617754
12.178472330911168,2.0037023966515735
11.14621766942178,2.1654560678864607
14.18165259916906,1.6925307552078377
9.584095899735697,1.4376730920908145
11.360330368498404,1.385598918304871
13.317551421465003,2.45370540103398
11.0391175050111,1.431480879200367
11.984560063190198,2.292200846772071
14.555012143201921,2.954517308980254
11.66914353632319,1.5640628871685764
13.216546999726717,2.4172846526915257
10.798794423977581,1.4054316074943043
12.703854711934069,2.481490948357472
11.413039388615598,2.094848177394275
12.931418026417825,2.274134744914832
13.63284748680797,2.1391038830673845
12.508697740853858,1.5255993057827335
10.630272451752115,1.2081968061057637
13.126025880934451,1.7252441471185036
11.58987463593108,1.5985569392185315
11.923013569074538,1.537809495398097
14.27139300593079,3.591493104452391
13.668284258397364,2.0331557294493297
16.699953725682413,2.997235756332659
14.389771207344797,2.5527323017267944
14.830554321398282,1.5528382833147352
13.902405099841253,1.77207799927732
14.939951250385596,2.157175979962841
12.986220503640574,1.6247453520848376
13.441027918499918,2.3072572232215585
16.64290554265926,2.0060479153766333
12.918981402242663,1.8528940032728933
13.684986435463134,2.079962161156957
13.625752279144514,1.6950361368306992
15.064094477525481,2.002705187291624
12.726255395945136,2.1190676915550237
12.931595241111557,2.8049289157349695
12.585181447786447,1.8942724664686812
13.562395596864484,2.4589531605544126
13.921147493500074,2.5611177815456054
17.940370908883928,2.577021788810371
11.644591183220136,1.5983397396198726
13.472272896000218,3.414324009373685
9.538707869976003,1.5212808934057855
15.974501724622483,3.5125303197479094
11.938426642880012,1.3492164823356936
14.334905199346316,1.942479414585916
15.504706531893408,1.6459905338750367
16.53538282929327,3.5302533457196956
13.58864128305858,2.0902466523346614
13.69010921924209,1.9242196746063902
12.06147911540105,2.0127683624417894
12.63069021579014,2.2271727105424897
9.91603381863438,1.2741343721635716
9.890334411540412,1.442264731616515
9.469827778321743,1.192128707915061
12.058357040916956,1.869172324173497
14.65101880946739,1.778254970029378
13.698724954752214,1.7827506567658975
14.871885674782153,2.1706463677883785
14.7146099316927,2.5602194166401615
11.052632460212294,1.3356141913700987
10.968015609143439,1.9486265345024487
11.473268240738859,2.0375587664907
11.122396001816343,1.6248137010141745
12.124331364001979,1.8874205121401364
14.236050663740633,1.903951712638874
11.737575510390766,1.8182661218151939
16.534268563589194,2.8253714348669545
16.241523579483005,2.410718005334793
10.678287808862489,1.2759379669329396
12.312382206742907,2.0080062784897788
13.18159754812949,1.4037731968059284
15.60312056504212,2.2633226259721537
12.692565393919438,1.933740026445467
12.894755887495844,1.7791337167263575
13.656727037084357,1.615482266504812
13.967953468751002,2.291940086879207
11.350714798579363,1.65151172224531
13.667587822898119,2.2193235070284816
8.935067487031683,1.3692998263392917
11.209886295818203,1.7604011191514684
16.52867022561789,2.0617572518218763
15.911557145957046,3.1186339781129844
13.261394416533873,2.0819350847922986
13.574757062457941,2.726358865896195
9.72659280560701,1.3884430691683722
11.47012070773185,2.3330831750061494
10.775733363583507,1.4700874081365147
10.099357435581828,1.7280335587655422
10.857451414726208,1.8840279579394676
15.334161081132482,3.4738112235580827
14.361960491429993,1.785218153942618
15.768331436285898,2.6966139349538847
11.94000012895038,1.50402638571218
14.219489099041606,1.7891803054774207
12.6985132982639,1.4447665222394834
9.921514889494464,1.3536177197581956
12.69569360059302,1.7306398696324872
16.52223362274403,3.784000354778421
13.959876979268689,1.916626801386586
11.524150085619947,1.617717320656203
16.933882727222247,2.41727859404124
19.749075466451878,6.630846779647771
10.338746980275292,1.9930496758053606
12.375186559564547,2.2805887264748765
20.241951059778675,1.660723562953623
12.545983208736871,1.565208392441831
10.205709173562456,1.4115767921388112
11.000276578964256,1.420600777429205
11.565736222355559,1.7252538029426778
9.396070219862818,1.4407230235028032
10.26223811262512,1.592007527639721
12.28943616653209,1.4729075462865566
10.27150425579779,1.3808989938107536
7.641638210432281,1.4233186896829488
13.624554158121938,2.1403344184720576
14.104864879640692,1.5937684231589986
13.480230986167655,1.95911622987833
15.892408577923227,2.0474794208080227
13.535199110990822,1.8125570843380654
13.136297545543552,2.5779919408496945
11.151598681241783,1.6022047667673938
13.583323103466455,2.021227753305939
18.453682508944087,3.7478545926133404
14.211576457819246,1.7324131346451301
14.124070785175295,1.7872918101444721
13.359962163090852,2.3621057370389265
13.832968343228078,2.0554122355383764
13.58986523048556,2.1588875556543203
10.96111307606071,1.7318100879066984
13.445880838413778,2.548038638268625
12.45150433208629,2.011588692846744
10.516983656579345,1.369118917628326
13.43736604552925,2.243634625432352
13.965989206686599,1.9156620823302932
12.318595826807169,1.8009122736403063
19.42171543082746,1.6968556590882409
11.215454771670599,1.5100912343864683
11.35466009657926,2.1852447801192603
10.704165428486862,1.3395756062565758
12.921498733607587,1.5982623571296986
14.573540016547156,1.86839110806155
15.760713372554397,2.607127095760946
12.172454604859713,1.9454264771567185
14.85334215696335,2.1189801358865394
14.554979975952675,2.6120991768472517
14.426512700812882,1.9952670724425488
16.395078090122365,2.5943131585191876
14.256021164533427,2.2524638739581104
11.360863293894543,1.7368765796254257
9.252632407063809,1.3863428939037572
13.346508779435625,1.7355872109020012
11.830299116126568,1.9281571476306916
13.022910013121356,1.5567951941740172
11.56162398731594,1.8146771441825904
12.630942025897259,1.9240875913775375
17.965781490949134,2.238359441440987
16.518495897436924,2.277881045197872
12.883065257210468,1.730056391175086
9.570962027192873,1.281970956126747
13.643883822945966,1.8772192213980372
9.875148420156565,1.4909592226630592
10.84175373450272,1.485923622032705
12.326951422080704,1.9400229110499798
12.135657864672142,1.5473621675561855
12.352189295403514,1.7295652222040183
13.304209160641285,1.847673871657189
13.95301757656412,2.0426226830291787
10.115839957399052,1.5472429573642918
12.44621942212884,1.9990095550249432
12.737849870855221,1.7767992337058587
17.61215834345576,2.5842458937984962
16.39672255349457,2.678653676126205
10.190310948823084,1.7059403735743144
12.52907248255067,2.3447594991568304
13.117506010225044,1.8572597624887974
16.799490867648373,3.076204913517557
14.0205273055909,2.3296553478028343
12.002883376378627,1.3706571080442054
14.164754450499697,1.779954362589197
10.999442120021115,1.6197353720243652
11.680661787410859,1.6510807765600177
8.279384430490856,1.1377356381851491
15.432560682290497,2.105605832909331
9.650432808320554,1.348664105369613
13.28503016600749,1.9474547425929558
10.1292042316058,1.318897020638906
11.17312965528336,1.805333081262422
15.896927307417165,2.1302537055111928
16.955541274671077,2.7195106033539704
10.72088855695327,1.4431525108202963
13.299970651018693,2.1834628005664283
9.770897320846984,1.399521102385036
15.448755560422237,3.0273274965862447
13.664495562703879,2.266159458872767
11.301801799852022,1.7340747486884656
13.063134168178083,1.8569978505158429
12.654605229328778,1.6057504938872693
13.691830330889617,1.6733256892384547
13.220079100999564,1.3370132377381456
8.372705070051474,1.0228861436090262
12.685560805072274,1.8679885745875735
11.329000894311351,1.4898350276409669
11.221777230453418,1.571354778564002
12.582590243446013,1.9260154490322106
13.820632295997811,2.1858508031795365
12.068251811086999,1.4649539059810621
12.20018321985646,2.2107857546194913
11.781187648587395,1.9037474746108427
10.60283637350627,1.5501510597461239
14.215358579796456,2.130005412552104
12.43571197639866,1.517617045290023
10.935497857263865,1.388121135098665
11.958357404313823,1.667848847229641
12.924920195450946,2.0461392638917357
12.214003571921483,1.903024571082721
13.93581741535475,2.082421532673623
10.56477500092354,1.7443411259441697
13.500943243906331,1.601670427143207
12.849644295034249,1.440043710391621
14.276282457529927,1.9156218395927407
14.463397991891798,2.091855506314276
10.438453265381147,1.461588665351878
11.277734987697196,1.7130448460309033
11.77939332420346,1.427231712589199
13.602583212994745,1.7835495763261675
13.793252798932926,2.2593224643515226
14.603762455118627,2.045679620275856
16.37518519209678,1.870939920804343
14.46089267380804,1.7963024962715723
16.095943296488837,2.4270237451244085
12.494660884532323,2.059699293567649
12.623965875988922,1.3608646470529504
17.193932189357103,2.7583252223186348
12.944281271349547,2.076749040715824
12.991270741744408,2.357415596884591
13.724282698035665,2.8211260207043787
12.361550942594244,2.1259205160780357
15.633267132577284,2.102983983526482
9.891291227709367,1.6103650360088715
9.456798613180238,1.8876485963365264
13.173076680024133,1.8368237653052004
13.24236436975796,1.8889565574030784
12.380794969260974,1.91759523633446
12.816280206236048,1.5068178521661593
13.187105181317662,1.8853552139400325
13.639054135719784,1.8402422529859868
15.186202203719501,2.2479378954240614
14.112921676519223,2.3560334345200733
13.696438365296029,1.9639643156439204
10.917399779767264,1.7164501286829041
13.290761655938365,2.9661005689399227
9.922829828243474,1.3220122099422427
14.76552815480667,2.3349967698988934
14.152906000588388,2.056381745401961
11.948389840694437,1.6163620631510134
16.76341958850234,2.907506303092138
13.986918887239195,1.6653984714091141
14.277999402038596,2.351411141667447
11.608732791746219,2.3054020642743818
9.864239734930647,1.356064054529153
11.951814527903668,2.0764859678734937
15.491204103387325,2.242422645728253
14.689128433057007,2.7231337268138693
11.230792699465658,1.6436554669241772
11.727414040489998,2.0039766369550547
10.980300427520865,1.6988948869791858
16.400841464281232,2.3796668109584806
10.542344101307936,1.471825657226709
14.056518805138271,1.8799750280797507
