NumFiles,MinPT,MinP,MinIPChi2,#1.TotalTrueXiccpp,#1.TotalTrueXiccppTracks,#1.TotalTrueXiLcDaughterTracks,#1.TotalXiccppTracks,#1.TotalXiLcDaughterTracks,#1.TotalBackgroundTracks,#1.TotalXiLcBackgroundTracks,#2.TotalTruePions,#2.TotalTrueXiccppPions,#2.TotalTrueBachelorPionTracks,#2.TotalXiccppPions,#2.TotalBachelorPionTracks,#2.TotalBackgroundPions,#2.TotalBachelorPionBackgroundTracks,#3.TotalTrueKaons,#3.TotalTrueXiccppKaons,#3.TotalTrueBachelorKaonTracks,#3.TotalXiccppKaons,#3.TotalBachelorKaonTracks,#3.TotalBackgroundKaons,#3.TotalBackgroundBachelorKaons
10,300,500,0.0,0,5782,2865,4588,2538,462053,464103,615339,2887,1912,1882,1155,337998,338725,87865,1912,966,1738,880,63876,64734
10,300,1750,0.0,0,5782,2865,4556,2526,448140,450170,615339,2887,1912,1852,1137,326460,327175,87865,1912,966,1736,880,62493,63349
10,300,1250,0.0,0,5782,2865,4586,2537,461320,463369,615339,2887,1912,1880,1154,337385,338111,87865,1912,966,1738,880,63803,64661
10,300,1500,0.0,0,5782,2865,4572,2530,456184,458226,615339,2887,1912,1866,1148,333100,333818,87865,1912,966,1738,880,63308,64166
10,300,750,0.0,0,5782,2865,4588,2538,462053,464103,615339,2887,1912,1882,1155,337998,338725,87865,1912,966,1738,880,63876,64734
10,300,1000,0.0,0,5782,2865,4588,2538,462052,464102,615339,2887,1912,1882,1155,337997,338724,87865,1912,966,1738,880,63876,64734
10,300,3000,0.0,0,5782,2865,4365,2464,394992,396893,615339,2887,1912,1706,1033,283922,284595,87865,1912,966,1691,857,56606,57440
10,300,2750,0.0,0,5782,2865,4410,2480,405828,407758,615339,2887,1912,1734,1052,292480,293162,87865,1912,966,1708,867,57868,58709
10,300,2500,0.0,0,5782,2865,4466,2502,416707,418671,615339,2887,1912,1777,1080,301076,301773,87865,1912,966,1721,872,59114,59963
10,300,2250,0.0,0,5782,2865,4499,2511,427712,429700,615339,2887,1912,1806,1102,309897,310601,87865,1912,966,1725,874,60316,61167
10,300,2000,0.0,0,5782,2865,4535,2520,438298,440313,615339,2887,1912,1835,1126,318416,319125,87865,1912,966,1732,877,61490,62345
10,300,3750,0.0,0,5782,2865,4216,2410,364405,366211,615339,2887,1912,1607,964,260333,260976,87865,1912,966,1641,835,52809,53615
10,300,3500,0.0,0,5782,2865,4271,2432,374264,376103,615339,2887,1912,1643,990,267936,268589,87865,1912,966,1660,840,54016,54836
10,300,3250,0.0,0,5782,2865,4315,2444,384421,386292,615339,2887,1912,1674,1012,275718,276380,87865,1912,966,1673,848,55293,56118
10,370,500,0.0,0,5782,2865,4230,2417,383961,385774,615339,2887,1912,1621,976,274469,275114,87865,1912,966,1648,827,55906,56727
10,370,750,0.0,0,5782,2865,4230,2417,383961,385774,615339,2887,1912,1621,976,274469,275114,87865,1912,966,1648,827,55906,56727
10,370,1750,0.0,0,5782,2865,4222,2416,380110,381916,615339,2887,1912,1614,970,271320,271964,87865,1912,966,1647,827,55486,56306
10,370,1250,0.0,0,5782,2865,4230,2417,383959,385772,615339,2887,1912,1621,976,274468,275113,87865,1912,966,1648,827,55906,56727
10,370,1000,0.0,0,5782,2865,4230,2417,383961,385774,615339,2887,1912,1621,976,274469,275114,87865,1912,966,1648,827,55906,56727
10,370,1500,0.0,0,5782,2865,4229,2417,383534,385346,615339,2887,1912,1620,975,274106,274751,87865,1912,966,1648,827,55874,56695
10,370,2000,0.0,0,5782,2865,4214,2413,374288,376089,615339,2887,1912,1606,965,266629,267270,87865,1912,966,1647,827,54863,55683
10,370,3250,0.0,0,5782,2865,4067,2356,334696,336407,615339,2887,1912,1500,893,235707,236314,87865,1912,966,1606,809,50062,50859
10,370,2750,0.0,0,5782,2865,4136,2387,351211,352960,615339,2887,1912,1543,919,248476,249100,87865,1912,966,1632,821,52121,52932
10,370,3000,0.0,0,5782,2865,4103,2372,342975,344706,615339,2887,1912,1523,908,242045,242660,87865,1912,966,1619,814,51129,51934
10,370,2500,0.0,0,5782,2865,4169,2399,359229,360999,615339,2887,1912,1568,937,254707,255338,87865,1912,966,1640,824,53110,53926
10,370,2250,0.0,0,5782,2865,4188,2407,367157,368938,615339,2887,1912,1583,946,260963,261600,87865,1912,966,1644,826,54031,54849
10,370,3500,0.0,0,5782,2865,4031,2346,326693,328378,615339,2887,1912,1476,876,229666,230266,87865,1912,966,1594,802,48999,49791
10,440,1000,0.0,0,5782,2865,3917,2313,318511,320115,615339,2887,1912,1403,820,222623,223206,87865,1912,966,1559,775,48407,49191
10,440,500,0.0,0,5782,2865,3917,2313,318511,320115,615339,2887,1912,1403,820,222623,223206,87865,1912,966,1559,775,48407,49191
10,370,3750,0.0,0,5782,2865,3990,2330,318800,320460,615339,2887,1912,1449,855,223667,224261,87865,1912,966,1580,798,48002,48784
10,440,750,0.0,0,5782,2865,3917,2313,318511,320115,615339,2887,1912,1403,820,222623,223206,87865,1912,966,1559,775,48407,49191
10,440,1250,0.0,0,5782,2865,3917,2313,318511,320115,615339,2887,1912,1403,820,222623,223206,87865,1912,966,1559,775,48407,49191
10,440,1500,0.0,0,5782,2865,3917,2313,318510,320114,615339,2887,1912,1403,820,222622,223205,87865,1912,966,1559,775,48407,49191
10,440,2250,0.0,0,5782,2865,3895,2309,311754,313340,615339,2887,1912,1381,802,217275,217854,87865,1912,966,1559,775,47600,48384
10,440,2000,0.0,0,5782,2865,3914,2311,315896,317499,615339,2887,1912,1400,819,220526,221107,87865,1912,966,1559,775,48120,48904
10,440,1750,0.0,0,5782,2865,3917,2313,318285,319889,615339,2887,1912,1403,820,222438,223021,87865,1912,966,1559,775,48385,49169
10,440,2500,0.0,0,5782,2865,3885,2304,306451,308032,615339,2887,1912,1375,799,213117,213693,87865,1912,966,1555,773,46948,47730
10,440,2750,0.0,0,5782,2865,3860,2296,300774,302338,615339,2887,1912,1356,785,208766,209337,87865,1912,966,1549,770,46211,46990
10,440,3250,0.0,0,5782,2865,3809,2270,288327,289866,615339,2887,1912,1326,767,199263,199822,87865,1912,966,1528,763,44576,45341
10,440,3000,0.0,0,5782,2865,3835,2284,294642,296193,615339,2887,1912,1342,777,204037,204602,87865,1912,966,1538,765,45433,46206
10,510,500,0.0,0,5782,2865,3612,2195,264453,265870,615339,2887,1912,1225,694,180902,181433,87865,1912,966,1446,715,41699,42430
10,510,750,0.0,0,5782,2865,3612,2195,264453,265870,615339,2887,1912,1225,694,180902,181433,87865,1912,966,1446,715,41699,42430
10,510,1000,0.0,0,5782,2865,3612,2195,264453,265870,615339,2887,1912,1225,694,180902,181433,87865,1912,966,1446,715,41699,42430
10,440,3500,0.0,0,5782,2865,3780,2261,282183,283702,615339,2887,1912,1307,755,194707,195259,87865,1912,966,1518,757,43720,44481
10,440,3750,0.0,0,5782,2865,3748,2251,275991,277488,615339,2887,1912,1285,736,190062,190611,87865,1912,966,1508,754,42907,43661
10,510,1250,0.0,0,5782,2865,3612,2195,264453,265870,615339,2887,1912,1225,694,180902,181433,87865,1912,966,1446,715,41699,42430
10,510,1750,0.0,0,5782,2865,3612,2195,264453,265870,615339,2887,1912,1225,694,180902,181433,87865,1912,966,1446,715,41699,42430
10,510,1500,0.0,0,5782,2865,3612,2195,264453,265870,615339,2887,1912,1225,694,180902,181433,87865,1912,966,1446,715,41699,42430
10,510,2000,0.0,0,5782,2865,3612,2195,264332,265749,615339,2887,1912,1225,694,180804,181335,87865,1912,966,1446,715,41687,42418
10,510,2250,0.0,0,5782,2865,3605,2194,262721,264132,615339,2887,1912,1218,688,179569,180099,87865,1912,966,1446,715,41468,42199
10,510,3000,0.0,0,5782,2865,3567,2174,251702,253095,615339,2887,1912,1195,676,171129,171648,87865,1912,966,1431,709,40034,40756
10,510,2750,0.0,0,5782,2865,3584,2183,256021,257422,615339,2887,1912,1203,680,174409,174932,87865,1912,966,1440,713,40608,41335
10,510,2500,0.0,0,5782,2865,3601,2190,259737,261148,615339,2887,1912,1215,688,177248,177775,87865,1912,966,1445,715,41097,41827
10,510,3500,0.0,0,5782,2865,3523,2155,242460,243828,615339,2887,1912,1168,659,164308,164817,87865,1912,966,1414,703,38705,39416
10,510,3250,0.0,0,5782,2865,3546,2162,247088,248472,615339,2887,1912,1183,669,167685,168199,87865,1912,966,1422,707,39386,40101
10,580,500,0.0,0,5782,2865,3275,2066,220817,222026,615339,2887,1912,1032,560,147869,148341,87865,1912,966,1324,643,35918,36599
10,510,3750,0.0,0,5782,2865,3496,2147,237686,239035,615339,2887,1912,1148,642,160788,161294,87865,1912,966,1407,701,38042,38748
10,580,750,0.0,0,5782,2865,3275,2066,220817,222026,615339,2887,1912,1032,560,147869,148341,87865,1912,966,1324,643,35918,36599
10,580,1250,0.0,0,5782,2865,3275,2066,220817,222026,615339,2887,1912,1032,560,147869,148341,87865,1912,966,1324,643,35918,36599
10,580,1000,0.0,0,5782,2865,3275,2066,220817,222026,615339,2887,1912,1032,560,147869,148341,87865,1912,966,1324,643,35918,36599
10,580,1500,0.0,0,5782,2865,3275,2066,220817,222026,615339,2887,1912,1032,560,147869,148341,87865,1912,966,1324,643,35918,36599
10,580,1750,0.0,0,5782,2865,3275,2066,220817,222026,615339,2887,1912,1032,560,147869,148341,87865,1912,966,1324,643,35918,36599
10,580,2500,0.0,0,5782,2865,3273,2064,219615,220824,615339,2887,1912,1030,560,146935,147405,87865,1912,966,1324,643,35765,36446
10,580,2250,0.0,0,5782,2865,3275,2066,220754,221963,615339,2887,1912,1032,560,147823,148295,87865,1912,966,1324,643,35907,36588
10,580,2000,0.0,0,5782,2865,3275,2066,220817,222026,615339,2887,1912,1032,560,147869,148341,87865,1912,966,1324,643,35918,36599
10,580,2750,0.0,0,5782,2865,3262,2058,217585,218789,615339,2887,1912,1023,556,145383,145850,87865,1912,966,1320,642,35506,36184
10,580,3250,0.0,0,5782,2865,3238,2044,211520,212714,615339,2887,1912,1013,551,140859,141321,87865,1912,966,1306,637,34673,35342
10,580,3000,0.0,0,5782,2865,3251,2051,214765,215965,615339,2887,1912,1019,555,143243,143707,87865,1912,966,1313,639,35131,35805
10,580,3750,0.0,0,5782,2865,3204,2033,204525,205696,615339,2887,1912,987,532,135770,136225,87865,1912,966,1298,635,33650,34313
10,580,3500,0.0,0,5782,2865,3221,2037,208100,209284,615339,2887,1912,1001,544,138396,138853,87865,1912,966,1301,636,34143,34808
10,650,500,0.0,0,5782,2865,2992,1943,185321,186370,615339,2887,1912,876,454,121572,121994,87865,1912,966,1215,590,30932,31557
10,650,750,0.0,0,5782,2865,2992,1943,185321,186370,615339,2887,1912,876,454,121572,121994,87865,1912,966,1215,590,30932,31557
10,650,1000,0.0,0,5782,2865,2992,1943,185321,186370,615339,2887,1912,876,454,121572,121994,87865,1912,966,1215,590,30932,31557
10,650,1250,0.0,0,5782,2865,2992,1943,185321,186370,615339,2887,1912,876,454,121572,121994,87865,1912,966,1215,590,30932,31557
10,650,1500,0.0,0,5782,2865,2992,1943,185321,186370,615339,2887,1912,876,454,121572,121994,87865,1912,966,1215,590,30932,31557
10,650,1750,0.0,0,5782,2865,2992,1943,185321,186370,615339,2887,1912,876,454,121572,121994,87865,1912,966,1215,590,30932,31557
10,650,2000,0.0,0,5782,2865,2992,1943,185321,186370,615339,2887,1912,876,454,121572,121994,87865,1912,966,1215,590,30932,31557
10,650,2250,0.0,0,5782,2865,2992,1943,185321,186370,615339,2887,1912,876,454,121572,121994,87865,1912,966,1215,590,30932,31557
10,650,2750,0.0,0,5782,2865,2990,1942,184553,185601,615339,2887,1912,874,453,120999,121420,87865,1912,966,1215,590,30823,31448
10,650,2500,0.0,0,5782,2865,2992,1943,185286,186335,615339,2887,1912,876,454,121547,121969,87865,1912,966,1215,590,30925,31550
10,650,3000,0.0,0,5782,2865,2983,1937,182978,184024,615339,2887,1912,871,452,119810,120229,87865,1912,966,1211,589,30616,31238
10,650,3250,0.0,0,5782,2865,2976,1932,180851,181895,615339,2887,1912,868,450,118280,118698,87865,1912,966,1207,589,30296,30914
10,720,500,0.0,0,5782,2865,2724,1815,156938,157847,615339,2887,1912,757,382,101089,101464,87865,1912,966,1094,522,26790,27362
10,720,750,0.0,0,5782,2865,2724,1815,156938,157847,615339,2887,1912,757,382,101089,101464,87865,1912,966,1094,522,26790,27362
10,650,3750,0.0,0,5782,2865,2955,1924,175831,176862,615339,2887,1912,854,440,114661,115075,87865,1912,966,1200,587,29561,30174
10,650,3500,0.0,0,5782,2865,2966,1927,178455,179494,615339,2887,1912,862,447,116562,116977,87865,1912,966,1203,588,29923,30538
10,720,1000,0.0,0,5782,2865,2724,1815,156938,157847,615339,2887,1912,757,382,101089,101464,87865,1912,966,1094,522,26790,27362
10,720,1500,0.0,0,5782,2865,2724,1815,156938,157847,615339,2887,1912,757,382,101089,101464,87865,1912,966,1094,522,26790,27362
10,720,1750,0.0,0,5782,2865,2724,1815,156938,157847,615339,2887,1912,757,382,101089,101464,87865,1912,966,1094,522,26790,27362
10,720,1250,0.0,0,5782,2865,2724,1815,156938,157847,615339,2887,1912,757,382,101089,101464,87865,1912,966,1094,522,26790,27362
10,720,2250,0.0,0,5782,2865,2724,1815,156938,157847,615339,2887,1912,757,382,101089,101464,87865,1912,966,1094,522,26790,27362
10,720,2000,0.0,0,5782,2865,2724,1815,156938,157847,615339,2887,1912,757,382,101089,101464,87865,1912,966,1094,522,26790,27362
10,720,2500,0.0,0,5782,2865,2724,1815,156938,157847,615339,2887,1912,757,382,101089,101464,87865,1912,966,1094,522,26790,27362
10,720,2750,0.0,0,5782,2865,2724,1815,156930,157839,615339,2887,1912,757,382,101084,101459,87865,1912,966,1094,522,26788,27360
10,720,3000,0.0,0,5782,2865,2721,1812,156424,157333,615339,2887,1912,756,382,100711,101085,87865,1912,966,1092,522,26717,27287
10,720,3250,0.0,0,5782,2865,2719,1811,155229,156137,615339,2887,1912,754,381,99858,100231,87865,1912,966,1092,522,26533,27103
10,720,3500,0.0,0,5782,2865,2712,1808,153653,154557,615339,2887,1912,749,378,98740,99111,87865,1912,966,1090,522,26279,26847
10,790,750,0.0,0,5782,2865,2468,1679,133671,134460,615339,2887,1912,650,325,84734,85059,87865,1912,966,974,459,23086,23601
10,790,500,0.0,0,5782,2865,2468,1679,133671,134460,615339,2887,1912,650,325,84734,85059,87865,1912,966,974,459,23086,23601
10,720,3750,0.0,0,5782,2865,2705,1805,151797,152697,615339,2887,1912,744,374,97400,97770,87865,1912,966,1088,522,26027,26593
10,790,1000,0.0,0,5782,2865,2468,1679,133671,134460,615339,2887,1912,650,325,84734,85059,87865,1912,966,974,459,23086,23601
10,790,1250,0.0,0,5782,2865,2468,1679,133671,134460,615339,2887,1912,650,325,84734,85059,87865,1912,966,974,459,23086,23601
10,790,1500,0.0,0,5782,2865,2468,1679,133671,134460,615339,2887,1912,650,325,84734,85059,87865,1912,966,974,459,23086,23601
10,790,1750,0.0,0,5782,2865,2468,1679,133671,134460,615339,2887,1912,650,325,84734,85059,87865,1912,966,974,459,23086,23601
10,790,2000,0.0,0,5782,2865,2468,1679,133671,134460,615339,2887,1912,650,325,84734,85059,87865,1912,966,974,459,23086,23601
10,790,2250,0.0,0,5782,2865,2468,1679,133671,134460,615339,2887,1912,650,325,84734,85059,87865,1912,966,974,459,23086,23601
10,790,2500,0.0,0,5782,2865,2468,1679,133671,134460,615339,2887,1912,650,325,84734,85059,87865,1912,966,974,459,23086,23601
10,790,2750,0.0,0,5782,2865,2468,1679,133671,134460,615339,2887,1912,650,325,84734,85059,87865,1912,966,974,459,23086,23601
10,790,3250,0.0,0,5782,2865,2466,1678,133257,134045,615339,2887,1912,648,324,84445,84769,87865,1912,966,974,459,23016,23531
10,790,3000,0.0,0,5782,2865,2468,1679,133665,134454,615339,2887,1912,650,325,84729,85054,87865,1912,966,974,459,23086,23601
10,790,3750,0.0,0,5782,2865,2459,1676,131172,131955,615339,2887,1912,642,320,82945,83267,87865,1912,966,973,459,22726,23240
10,790,3500,0.0,0,5782,2865,2463,1677,132395,133181,615339,2887,1912,645,323,83835,84157,87865,1912,966,974,459,22884,23399
10,860,500,0.0,0,5782,2865,2264,1564,114377,115077,615339,2887,1912,571,283,71308,71596,87865,1912,966,878,413,20070,20535
10,860,750,0.0,0,5782,2865,2264,1564,114377,115077,615339,2887,1912,571,283,71308,71596,87865,1912,966,878,413,20070,20535
10,860,1000,0.0,0,5782,2865,2264,1564,114377,115077,615339,2887,1912,571,283,71308,71596,87865,1912,966,878,413,20070,20535
10,860,1250,0.0,0,5782,2865,2264,1564,114377,115077,615339,2887,1912,571,283,71308,71596,87865,1912,966,878,413,20070,20535
10,860,1500,0.0,0,5782,2865,2264,1564,114377,115077,615339,2887,1912,571,283,71308,71596,87865,1912,966,878,413,20070,20535
10,860,1750,0.0,0,5782,2865,2264,1564,114377,115077,615339,2887,1912,571,283,71308,71596,87865,1912,966,878,413,20070,20535
10,860,2000,0.0,0,5782,2865,2264,1564,114377,115077,615339,2887,1912,571,283,71308,71596,87865,1912,966,878,413,20070,20535
10,860,2250,0.0,0,5782,2865,2264,1564,114377,115077,615339,2887,1912,571,283,71308,71596,87865,1912,966,878,413,20070,20535
10,860,2500,0.0,0,5782,2865,2264,1564,114377,115077,615339,2887,1912,571,283,71308,71596,87865,1912,966,878,413,20070,20535
10,860,2750,0.0,0,5782,2865,2264,1564,114377,115077,615339,2887,1912,571,283,71308,71596,87865,1912,966,878,413,20070,20535
10,860,3000,0.0,0,5782,2865,2264,1564,114376,115076,615339,2887,1912,571,283,71307,71595,87865,1912,966,878,413,20070,20535
10,860,3250,0.0,0,5782,2865,2264,1564,114375,115075,615339,2887,1912,571,283,71306,71594,87865,1912,966,878,413,20070,20535
10,860,3500,0.0,0,5782,2865,2262,1564,114110,114808,615339,2887,1912,569,282,71132,71419,87865,1912,966,878,413,20025,20490
10,860,3750,0.0,0,5782,2865,2260,1564,113446,114142,615339,2887,1912,567,280,70649,70936,87865,1912,966,878,413,19940,20405
10,930,500,0.0,0,5782,2865,2084,1469,98873,99488,615339,2887,1912,511,245,60686,60952,87865,1912,966,799,368,17625,18056
10,930,750,0.0,0,5782,2865,2084,1469,98873,99488,615339,2887,1912,511,245,60686,60952,87865,1912,966,799,368,17625,18056
10,930,1250,0.0,0,5782,2865,2084,1469,98873,99488,615339,2887,1912,511,245,60686,60952,87865,1912,966,799,368,17625,18056
10,930,1000,0.0,0,5782,2865,2084,1469,98873,99488,615339,2887,1912,511,245,60686,60952,87865,1912,966,799,368,17625,18056
10,930,1500,0.0,0,5782,2865,2084,1469,98873,99488,615339,2887,1912,511,245,60686,60952,87865,1912,966,799,368,17625,18056
10,930,1750,0.0,0,5782,2865,2084,1469,98873,99488,615339,2887,1912,511,245,60686,60952,87865,1912,966,799,368,17625,18056
10,930,2000,0.0,0,5782,2865,2084,1469,98873,99488,615339,2887,1912,511,245,60686,60952,87865,1912,966,799,368,17625,18056
10,930,2500,0.0,0,5782,2865,2084,1469,98873,99488,615339,2887,1912,511,245,60686,60952,87865,1912,966,799,368,17625,18056
10,930,2250,0.0,0,5782,2865,2084,1469,98873,99488,615339,2887,1912,511,245,60686,60952,87865,1912,966,799,368,17625,18056
10,930,2750,0.0,0,5782,2865,2084,1469,98873,99488,615339,2887,1912,511,245,60686,60952,87865,1912,966,799,368,17625,18056
10,930,3000,0.0,0,5782,2865,2084,1469,98873,99488,615339,2887,1912,511,245,60686,60952,87865,1912,966,799,368,17625,18056
10,930,3500,0.0,0,5782,2865,2084,1469,98873,99488,615339,2887,1912,511,245,60686,60952,87865,1912,966,799,368,17625,18056
10,930,3250,0.0,0,5782,2865,2084,1469,98873,99488,615339,2887,1912,511,245,60686,60952,87865,1912,966,799,368,17625,18056
10,930,3750,0.0,0,5782,2865,2083,1469,98647,99261,615339,2887,1912,510,244,60521,60787,87865,1912,966,799,368,17595,18026
10,300,750,0.5,0,5782,2865,4482,2500,427611,429593,615339,2887,1912,1836,1116,312173,312893,87865,1912,966,1698,851,59104,59951
10,300,500,0.5,0,5782,2865,4482,2500,427611,429593,615339,2887,1912,1836,1116,312173,312893,87865,1912,966,1698,851,59104,59951
10,300,1000,0.5,0,5782,2865,4482,2500,427610,429592,615339,2887,1912,1836,1116,312172,312892,87865,1912,966,1698,851,59104,59951
10,300,1250,0.5,0,5782,2865,4480,2499,426925,428906,615339,2887,1912,1834,1115,311606,312325,87865,1912,966,1698,851,59032,59879
10,300,1500,0.5,0,5782,2865,4466,2492,422226,424200,615339,2887,1912,1820,1109,307716,308427,87865,1912,966,1698,851,58568,59415
10,300,2000,0.5,0,5782,2865,4431,2483,405854,407802,615339,2887,1912,1790,1088,294355,295057,87865,1912,966,1693,848,56908,57753
10,300,1750,0.5,0,5782,2865,4451,2488,414881,416844,615339,2887,1912,1807,1099,301692,302400,87865,1912,966,1696,851,57822,58667
10,300,2250,0.5,0,5782,2865,4396,2474,396132,398054,615339,2887,1912,1762,1065,286574,287271,87865,1912,966,1686,845,55830,56671
10,300,2500,0.5,0,5782,2865,4363,2465,386042,387940,615339,2887,1912,1733,1043,278529,279219,87865,1912,966,1682,843,54730,55569
10,300,2750,0.5,0,5782,2865,4308,2443,376003,377868,615339,2887,1912,1690,1015,270635,271310,87865,1912,966,1670,839,53570,54401
10,300,3000,0.5,0,5782,2865,4263,2427,366062,367898,615339,2887,1912,1662,996,262816,263482,87865,1912,966,1653,829,52413,53237
10,300,3250,0.5,0,5782,2865,4215,2407,356369,358177,615339,2887,1912,1632,977,255309,255964,87865,1912,966,1635,820,51214,52029
10,300,3750,0.5,0,5782,2865,4120,2373,337907,339654,615339,2887,1912,1568,932,241168,241804,87865,1912,966,1604,808,48917,49713
10,300,3500,0.5,0,5782,2865,4173,2395,347015,348793,615339,2887,1912,1603,957,248179,248825,87865,1912,966,1622,812,50031,50841
10,370,500,0.5,0,5782,2865,4141,2381,355354,357114,615339,2887,1912,1588,950,253589,254227,87865,1912,966,1611,800,51728,52539
10,370,750,0.5,0,5782,2865,4141,2381,355354,357114,615339,2887,1912,1588,950,253589,254227,87865,1912,966,1611,800,51728,52539
10,370,1750,0.5,0,5782,2865,4133,2380,351861,353614,615339,2887,1912,1581,944,250753,251390,87865,1912,966,1610,800,51345,52155
10,370,1250,0.5,0,5782,2865,4141,2381,355352,357112,615339,2887,1912,1588,950,253588,254226,87865,1912,966,1611,800,51728,52539
10,370,1000,0.5,0,5782,2865,4141,2381,355354,357114,615339,2887,1912,1588,950,253589,254227,87865,1912,966,1611,800,51728,52539
10,370,1500,0.5,0,5782,2865,4140,2381,354959,356718,615339,2887,1912,1587,949,253257,253895,87865,1912,966,1611,800,51696,52507
10,370,3000,0.5,0,5782,2865,4014,2336,317806,319484,615339,2887,1912,1490,882,224041,224649,87865,1912,966,1582,787,47352,48147
10,370,2750,0.5,0,5782,2865,4047,2351,325354,327050,615339,2887,1912,1510,893,229907,230524,87865,1912,966,1595,794,48265,49066
10,370,2500,0.5,0,5782,2865,4080,2363,332725,334442,615339,2887,1912,1535,911,235606,236230,87865,1912,966,1603,797,49183,49989
10,370,2250,0.5,0,5782,2865,4099,2371,339972,341700,615339,2887,1912,1550,920,241298,241928,87865,1912,966,1607,799,50018,50826
10,370,2000,0.5,0,5782,2865,4125,2377,346509,348257,615339,2887,1912,1573,939,246467,247101,87865,1912,966,1610,800,50776,51586
10,370,3500,0.5,0,5782,2865,3945,2310,302861,304496,615339,2887,1912,1446,853,212707,213300,87865,1912,966,1557,775,45399,46181
10,370,3250,0.5,0,5782,2865,3979,2320,310229,311888,615339,2887,1912,1468,868,218243,218843,87865,1912,966,1569,782,46383,47170
10,370,3750,0.5,0,5782,2865,3906,2294,295559,297171,615339,2887,1912,1420,833,207165,207752,87865,1912,966,1544,772,44481,45253
10,440,750,0.5,0,5782,2865,3834,2277,294721,296278,615339,2887,1912,1374,798,205680,206256,87865,1912,966,1524,750,44799,45573
10,440,500,0.5,0,5782,2865,3834,2277,294721,296278,615339,2887,1912,1374,798,205680,206256,87865,1912,966,1524,750,44799,45573
10,440,1000,0.5,0,5782,2865,3834,2277,294721,296278,615339,2887,1912,1374,798,205680,206256,87865,1912,966,1524,750,44799,45573
10,440,1250,0.5,0,5782,2865,3834,2277,294721,296278,615339,2887,1912,1374,798,205680,206256,87865,1912,966,1524,750,44799,45573
10,440,1500,0.5,0,5782,2865,3834,2277,294720,296277,615339,2887,1912,1374,798,205679,206255,87865,1912,966,1524,750,44799,45573
10,440,1750,0.5,0,5782,2865,3834,2277,294520,296077,615339,2887,1912,1374,798,205518,206094,87865,1912,966,1524,750,44778,45552
10,440,2000,0.5,0,5782,2865,3831,2275,292316,293872,615339,2887,1912,1371,797,203763,204337,87865,1912,966,1524,750,44535,45309
10,440,2250,0.5,0,5782,2865,3812,2273,288533,290072,615339,2887,1912,1352,780,200814,201386,87865,1912,966,1524,750,44056,44830
10,440,2500,0.5,0,5782,2865,3802,2268,283703,285237,615339,2887,1912,1346,777,197045,197614,87865,1912,966,1520,748,43462,44234
10,440,2750,0.5,0,5782,2865,3777,2260,278494,280011,615339,2887,1912,1327,763,193066,193630,87865,1912,966,1514,745,42781,43550
10,440,3250,0.5,0,5782,2865,3726,2234,267077,268569,615339,2887,1912,1297,745,184371,184923,87865,1912,966,1493,738,41284,42039
10,440,3000,0.5,0,5782,2865,3752,2248,272881,274385,615339,2887,1912,1313,755,188760,189318,87865,1912,966,1503,740,42063,42826
10,440,3500,0.5,0,5782,2865,3698,2225,261435,262908,615339,2887,1912,1279,734,180205,180750,87865,1912,966,1483,732,40493,41244
10,510,500,0.5,0,5782,2865,3536,2161,244785,246160,615339,2887,1912,1199,675,167205,167729,87865,1912,966,1415,692,38613,39336
10,510,750,0.5,0,5782,2865,3536,2161,244785,246160,615339,2887,1912,1199,675,167205,167729,87865,1912,966,1415,692,38613,39336
10,440,3750,0.5,0,5782,2865,3667,2215,255690,257142,615339,2887,1912,1258,716,175898,176440,87865,1912,966,1473,729,39742,40486
10,510,1000,0.5,0,5782,2865,3536,2161,244785,246160,615339,2887,1912,1199,675,167205,167729,87865,1912,966,1415,692,38613,39336
10,510,1500,0.5,0,5782,2865,3536,2161,244785,246160,615339,2887,1912,1199,675,167205,167729,87865,1912,966,1415,692,38613,39336
10,510,1250,0.5,0,5782,2865,3536,2161,244785,246160,615339,2887,1912,1199,675,167205,167729,87865,1912,966,1415,692,38613,39336
10,510,1750,0.5,0,5782,2865,3536,2161,244785,246160,615339,2887,1912,1199,675,167205,167729,87865,1912,966,1415,692,38613,39336
10,510,2000,0.5,0,5782,2865,3536,2161,244672,246047,615339,2887,1912,1199,675,167114,167638,87865,1912,966,1415,692,38602,39325
10,510,2250,0.5,0,5782,2865,3529,2160,243210,244579,615339,2887,1912,1192,669,166000,166523,87865,1912,966,1415,692,38401,39124
10,510,2500,0.5,0,5782,2865,3525,2156,240494,241863,615339,2887,1912,1189,669,163898,164418,87865,1912,966,1414,692,38064,38786
10,510,2750,0.5,0,5782,2865,3508,2149,237093,238452,615339,2887,1912,1177,661,161309,161825,87865,1912,966,1409,690,37615,38334
10,510,3000,0.5,0,5782,2865,3491,2140,233153,234504,615339,2887,1912,1169,657,158327,158839,87865,1912,966,1400,686,37091,37805
10,510,3250,0.5,0,5782,2865,3470,2128,228910,230252,615339,2887,1912,1157,650,155158,155665,87865,1912,966,1391,684,36502,37209
10,510,3500,0.5,0,5782,2865,3448,2121,224657,225984,615339,2887,1912,1143,641,152073,152575,87865,1912,966,1383,680,35868,36571
10,510,3750,0.5,0,5782,2865,3422,2113,220219,221528,615339,2887,1912,1124,625,148798,149297,87865,1912,966,1376,678,35256,35954
10,580,500,0.5,0,5782,2865,3204,2033,204444,205615,615339,2887,1912,1010,544,136690,137156,87865,1912,966,1294,621,33287,33960
10,580,1000,0.5,0,5782,2865,3204,2033,204444,205615,615339,2887,1912,1010,544,136690,137156,87865,1912,966,1294,621,33287,33960
10,580,1250,0.5,0,5782,2865,3204,2033,204444,205615,615339,2887,1912,1010,544,136690,137156,87865,1912,966,1294,621,33287,33960
10,580,750,0.5,0,5782,2865,3204,2033,204444,205615,615339,2887,1912,1010,544,136690,137156,87865,1912,966,1294,621,33287,33960
10,580,1500,0.5,0,5782,2865,3204,2033,204444,205615,615339,2887,1912,1010,544,136690,137156,87865,1912,966,1294,621,33287,33960
10,580,1750,0.5,0,5782,2865,3204,2033,204444,205615,615339,2887,1912,1010,544,136690,137156,87865,1912,966,1294,621,33287,33960
10,580,2500,0.5,0,5782,2865,3202,2031,203342,204513,615339,2887,1912,1008,544,135845,136309,87865,1912,966,1294,621,33140,33813
10,580,2250,0.5,0,5782,2865,3204,2033,204387,205558,615339,2887,1912,1010,544,136650,137116,87865,1912,966,1294,621,33276,33949
10,580,2000,0.5,0,5782,2865,3204,2033,204444,205615,615339,2887,1912,1010,544,136690,137156,87865,1912,966,1294,621,33287,33960
10,580,3500,0.5,0,5782,2865,3151,2004,192814,193961,615339,2887,1912,980,529,128071,128522,87865,1912,966,1271,614,31651,32308
10,580,3250,0.5,0,5782,2865,3167,2011,195953,197109,615339,2887,1912,991,535,130317,130773,87865,1912,966,1276,615,32143,32804
10,580,3000,0.5,0,5782,2865,3180,2018,198938,200100,615339,2887,1912,997,539,132507,132965,87865,1912,966,1283,617,32564,33230
10,580,2750,0.5,0,5782,2865,3191,2025,201489,202655,615339,2887,1912,1001,540,134433,134894,87865,1912,966,1290,620,32905,33575
10,580,3750,0.5,0,5782,2865,3135,2000,189489,190624,615339,2887,1912,967,518,125625,126074,87865,1912,966,1268,613,31196,31851
10,650,500,0.5,0,5782,2865,2929,1911,171580,172598,615339,2887,1912,859,443,112412,112828,87865,1912,966,1187,570,28638,29255
10,650,750,0.5,0,5782,2865,2929,1911,171580,172598,615339,2887,1912,859,443,112412,112828,87865,1912,966,1187,570,28638,29255
10,650,1000,0.5,0,5782,2865,2929,1911,171580,172598,615339,2887,1912,859,443,112412,112828,87865,1912,966,1187,570,28638,29255
10,650,1250,0.5,0,5782,2865,2929,1911,171580,172598,615339,2887,1912,859,443,112412,112828,87865,1912,966,1187,570,28638,29255
10,650,1500,0.5,0,5782,2865,2929,1911,171580,172598,615339,2887,1912,859,443,112412,112828,87865,1912,966,1187,570,28638,29255
10,650,1750,0.5,0,5782,2865,2929,1911,171580,172598,615339,2887,1912,859,443,112412,112828,87865,1912,966,1187,570,28638,29255
10,650,2000,0.5,0,5782,2865,2929,1911,171580,172598,615339,2887,1912,859,443,112412,112828,87865,1912,966,1187,570,28638,29255
10,650,2500,0.5,0,5782,2865,2929,1911,171548,172566,615339,2887,1912,859,443,112390,112806,87865,1912,966,1187,570,28631,29248
10,650,2250,0.5,0,5782,2865,2929,1911,171580,172598,615339,2887,1912,859,443,112412,112828,87865,1912,966,1187,570,28638,29255
10,650,2750,0.5,0,5782,2865,2927,1910,170885,171902,615339,2887,1912,857,442,111898,112313,87865,1912,966,1187,570,28540,29157
10,650,3000,0.5,0,5782,2865,2920,1905,169450,170465,615339,2887,1912,854,441,110815,111228,87865,1912,966,1183,569,28353,28967
10,650,3250,0.5,0,5782,2865,2913,1900,167504,168517,615339,2887,1912,851,439,109415,109827,87865,1912,966,1179,569,28064,28674
10,720,500,0.5,0,5782,2865,2665,1783,145266,146148,615339,2887,1912,742,373,93452,93821,87865,1912,966,1068,504,24803,25367
10,650,3750,0.5,0,5782,2865,2894,1892,162878,163880,615339,2887,1912,839,431,106087,106495,87865,1912,966,1172,567,27388,27993
10,650,3500,0.5,0,5782,2865,2904,1895,165321,166330,615339,2887,1912,846,437,107861,108270,87865,1912,966,1175,568,27722,28329
10,720,1000,0.5,0,5782,2865,2665,1783,145266,146148,615339,2887,1912,742,373,93452,93821,87865,1912,966,1068,504,24803,25367
10,720,750,0.5,0,5782,2865,2665,1783,145266,146148,615339,2887,1912,742,373,93452,93821,87865,1912,966,1068,504,24803,25367
10,720,1250,0.5,0,5782,2865,2665,1783,145266,146148,615339,2887,1912,742,373,93452,93821,87865,1912,966,1068,504,24803,25367
10,720,1500,0.5,0,5782,2865,2665,1783,145266,146148,615339,2887,1912,742,373,93452,93821,87865,1912,966,1068,504,24803,25367
10,720,1750,0.5,0,5782,2865,2665,1783,145266,146148,615339,2887,1912,742,373,93452,93821,87865,1912,966,1068,504,24803,25367
10,720,2000,0.5,0,5782,2865,2665,1783,145266,146148,615339,2887,1912,742,373,93452,93821,87865,1912,966,1068,504,24803,25367
10,720,2250,0.5,0,5782,2865,2665,1783,145266,146148,615339,2887,1912,742,373,93452,93821,87865,1912,966,1068,504,24803,25367
10,720,2500,0.5,0,5782,2865,2665,1783,145266,146148,615339,2887,1912,742,373,93452,93821,87865,1912,966,1068,504,24803,25367
10,720,2750,0.5,0,5782,2865,2665,1783,145259,146141,615339,2887,1912,742,373,93448,93817,87865,1912,966,1068,504,24801,25365
10,720,3000,0.5,0,5782,2865,2662,1780,144799,145681,615339,2887,1912,741,373,93107,93475,87865,1912,966,1066,504,24739,25301
10,720,3250,0.5,0,5782,2865,2660,1779,143715,144596,615339,2887,1912,739,372,92333,92700,87865,1912,966,1066,504,24577,25139
10,790,500,0.5,0,5782,2865,2417,1650,123723,124490,615339,2887,1912,638,317,78364,78685,87865,1912,966,953,445,21367,21875
10,720,3750,0.5,0,5782,2865,2648,1773,140554,141429,615339,2887,1912,731,367,90074,90438,87865,1912,966,1062,504,24113,24671
10,720,3500,0.5,0,5782,2865,2654,1776,142278,143156,615339,2887,1912,735,370,91323,91688,87865,1912,966,1064,504,24343,24903
10,790,750,0.5,0,5782,2865,2417,1650,123723,124490,615339,2887,1912,638,317,78364,78685,87865,1912,966,953,445,21367,21875
10,790,1000,0.5,0,5782,2865,2417,1650,123723,124490,615339,2887,1912,638,317,78364,78685,87865,1912,966,953,445,21367,21875
10,790,1250,0.5,0,5782,2865,2417,1650,123723,124490,615339,2887,1912,638,317,78364,78685,87865,1912,966,953,445,21367,21875
10,790,1500,0.5,0,5782,2865,2417,1650,123723,124490,615339,2887,1912,638,317,78364,78685,87865,1912,966,953,445,21367,21875
10,790,2000,0.5,0,5782,2865,2417,1650,123723,124490,615339,2887,1912,638,317,78364,78685,87865,1912,966,953,445,21367,21875
10,790,1750,0.5,0,5782,2865,2417,1650,123723,124490,615339,2887,1912,638,317,78364,78685,87865,1912,966,953,445,21367,21875
10,790,2500,0.5,0,5782,2865,2417,1650,123723,124490,615339,2887,1912,638,317,78364,78685,87865,1912,966,953,445,21367,21875
10,790,2250,0.5,0,5782,2865,2417,1650,123723,124490,615339,2887,1912,638,317,78364,78685,87865,1912,966,953,445,21367,21875
10,790,2750,0.5,0,5782,2865,2417,1650,123723,124490,615339,2887,1912,638,317,78364,78685,87865,1912,966,953,445,21367,21875
10,790,3000,0.5,0,5782,2865,2417,1650,123717,124484,615339,2887,1912,638,317,78359,78680,87865,1912,966,953,445,21367,21875
10,790,3250,0.5,0,5782,2865,2415,1649,123345,124111,615339,2887,1912,636,316,78098,78418,87865,1912,966,953,445,21308,21816
10,790,3500,0.5,0,5782,2865,2413,1648,122559,123324,615339,2887,1912,634,316,77548,77866,87865,1912,966,953,445,21183,21691
10,790,3750,0.5,0,5782,2865,2410,1647,121420,122183,615339,2887,1912,632,314,76718,77036,87865,1912,966,952,445,21037,21544
10,860,500,0.5,0,5782,2865,2216,1536,105869,106549,615339,2887,1912,560,276,65944,66228,87865,1912,966,858,400,18578,19036
10,860,750,0.5,0,5782,2865,2216,1536,105869,106549,615339,2887,1912,560,276,65944,66228,87865,1912,966,858,400,18578,19036
10,860,1000,0.5,0,5782,2865,2216,1536,105869,106549,615339,2887,1912,560,276,65944,66228,87865,1912,966,858,400,18578,19036
10,860,1250,0.5,0,5782,2865,2216,1536,105869,106549,615339,2887,1912,560,276,65944,66228,87865,1912,966,858,400,18578,19036
10,860,1500,0.5,0,5782,2865,2216,1536,105869,106549,615339,2887,1912,560,276,65944,66228,87865,1912,966,858,400,18578,19036
10,860,1750,0.5,0,5782,2865,2216,1536,105869,106549,615339,2887,1912,560,276,65944,66228,87865,1912,966,858,400,18578,19036
10,860,2000,0.5,0,5782,2865,2216,1536,105869,106549,615339,2887,1912,560,276,65944,66228,87865,1912,966,858,400,18578,19036
10,860,2250,0.5,0,5782,2865,2216,1536,105869,106549,615339,2887,1912,560,276,65944,66228,87865,1912,966,858,400,18578,19036
10,860,2500,0.5,0,5782,2865,2216,1536,105869,106549,615339,2887,1912,560,276,65944,66228,87865,1912,966,858,400,18578,19036
10,860,2750,0.5,0,5782,2865,2216,1536,105869,106549,615339,2887,1912,560,276,65944,66228,87865,1912,966,858,400,18578,19036
10,860,3000,0.5,0,5782,2865,2216,1536,105868,106548,615339,2887,1912,560,276,65943,66227,87865,1912,966,858,400,18578,19036
10,860,3250,0.5,0,5782,2865,2216,1536,105867,106547,615339,2887,1912,560,276,65942,66226,87865,1912,966,858,400,18578,19036
10,860,3500,0.5,0,5782,2865,2215,1536,105622,106301,615339,2887,1912,559,276,65782,66065,87865,1912,966,858,400,18536,18994
10,860,3750,0.5,0,5782,2865,2214,1536,105012,105690,615339,2887,1912,558,275,65338,65621,87865,1912,966,858,400,18459,18917
10,930,500,0.5,0,5782,2865,2038,1441,91478,92075,615339,2887,1912,502,240,56093,56355,87865,1912,966,779,355,16305,16729
10,930,750,0.5,0,5782,2865,2038,1441,91478,92075,615339,2887,1912,502,240,56093,56355,87865,1912,966,779,355,16305,16729
10,930,1250,0.5,0,5782,2865,2038,1441,91478,92075,615339,2887,1912,502,240,56093,56355,87865,1912,966,779,355,16305,16729
10,930,1000,0.5,0,5782,2865,2038,1441,91478,92075,615339,2887,1912,502,240,56093,56355,87865,1912,966,779,355,16305,16729
10,930,1500,0.5,0,5782,2865,2038,1441,91478,92075,615339,2887,1912,502,240,56093,56355,87865,1912,966,779,355,16305,16729
10,930,2000,0.5,0,5782,2865,2038,1441,91478,92075,615339,2887,1912,502,240,56093,56355,87865,1912,966,779,355,16305,16729
10,930,1750,0.5,0,5782,2865,2038,1441,91478,92075,615339,2887,1912,502,240,56093,56355,87865,1912,966,779,355,16305,16729
10,930,2250,0.5,0,5782,2865,2038,1441,91478,92075,615339,2887,1912,502,240,56093,56355,87865,1912,966,779,355,16305,16729
10,930,2500,0.5,0,5782,2865,2038,1441,91478,92075,615339,2887,1912,502,240,56093,56355,87865,1912,966,779,355,16305,16729
10,930,2750,0.5,0,5782,2865,2038,1441,91478,92075,615339,2887,1912,502,240,56093,56355,87865,1912,966,779,355,16305,16729
10,930,3000,0.5,0,5782,2865,2038,1441,91478,92075,615339,2887,1912,502,240,56093,56355,87865,1912,966,779,355,16305,16729
10,930,3250,0.5,0,5782,2865,2038,1441,91478,92075,615339,2887,1912,502,240,56093,56355,87865,1912,966,779,355,16305,16729
10,930,3500,0.5,0,5782,2865,2038,1441,91478,92075,615339,2887,1912,502,240,56093,56355,87865,1912,966,779,355,16305,16729
10,930,3750,0.5,0,5782,2865,2037,1441,91270,91866,615339,2887,1912,501,239,55942,56204,87865,1912,966,779,355,16277,16701
10,300,750,1.0,0,5782,2865,4290,2432,379665,381523,615339,2887,1912,1750,1046,276688,277392,87865,1912,966,1624,797,52264,53091
10,300,500,1.0,0,5782,2865,4290,2432,379665,381523,615339,2887,1912,1750,1046,276688,277392,87865,1912,966,1624,797,52264,53091
10,300,1000,1.0,0,5782,2865,4290,2432,379664,381522,615339,2887,1912,1750,1046,276687,277391,87865,1912,966,1624,797,52264,53091
10,300,1250,1.0,0,5782,2865,4288,2431,379052,380909,615339,2887,1912,1748,1045,276187,276890,87865,1912,966,1624,797,52198,53025
10,300,1500,1.0,0,5782,2865,4274,2424,374887,376737,615339,2887,1912,1734,1039,272771,273466,87865,1912,966,1624,797,51787,52614
10,300,1750,1.0,0,5782,2865,4260,2420,368371,370211,615339,2887,1912,1722,1030,267475,268167,87865,1912,966,1622,797,51118,51943
10,300,2000,1.0,0,5782,2865,4243,2415,360368,362196,615339,2887,1912,1707,1021,261026,261712,87865,1912,966,1620,795,50311,51136
10,300,2750,1.0,0,5782,2865,4130,2376,333931,335685,615339,2887,1912,1615,956,240169,240828,87865,1912,966,1599,787,47346,48158
10,300,2500,1.0,0,5782,2865,4182,2397,342877,344662,615339,2887,1912,1656,982,247168,247842,87865,1912,966,1610,791,48375,49194
10,300,2250,1.0,0,5782,2865,4208,2406,351760,353562,615339,2887,1912,1679,998,254200,254881,87865,1912,966,1613,792,49345,50166
10,300,3000,1.0,0,5782,2865,4090,2361,325152,326881,615339,2887,1912,1590,940,233303,233953,87865,1912,966,1584,778,46331,47137
10,300,3250,1.0,0,5782,2865,4044,2342,316554,318256,615339,2887,1912,1562,922,226666,227306,87865,1912,966,1566,769,45280,46077
10,300,3500,1.0,0,5782,2865,4004,2331,308273,309946,615339,2887,1912,1534,902,220373,221005,87865,1912,966,1554,762,44255,45047
10,300,3750,1.0,0,5782,2865,3951,2309,300270,301912,615339,2887,1912,1499,877,214238,214860,87865,1912,966,1536,758,43279,44057
10,370,500,1.0,0,5782,2865,3969,2318,315187,316838,615339,2887,1912,1519,894,224577,225202,87865,1912,966,1540,747,45737,46530
10,370,750,1.0,0,5782,2865,3969,2318,315187,316838,615339,2887,1912,1519,894,224577,225202,87865,1912,966,1540,747,45737,46530
10,370,1750,1.0,0,5782,2865,3962,2317,312094,313739,615339,2887,1912,1513,889,222087,222711,87865,1912,966,1539,747,45398,46190
10,370,1250,1.0,0,5782,2865,3969,2318,315185,316836,615339,2887,1912,1519,894,224576,225201,87865,1912,966,1540,747,45737,46530
10,370,1000,1.0,0,5782,2865,3969,2318,315187,316838,615339,2887,1912,1519,894,224577,225202,87865,1912,966,1540,747,45737,46530
10,370,1500,1.0,0,5782,2865,3968,2318,314838,316488,615339,2887,1912,1518,893,224287,224912,87865,1912,966,1540,747,45708,46501
10,370,2750,1.0,0,5782,2865,3881,2288,288739,290332,615339,2887,1912,1446,842,203854,204458,87865,1912,966,1525,742,42688,43471
10,370,2500,1.0,0,5782,2865,3913,2300,295257,296870,615339,2887,1912,1470,859,208870,209481,87865,1912,966,1533,745,43495,44283
10,370,2250,1.0,0,5782,2865,3928,2308,301616,303236,615339,2887,1912,1482,865,213830,214447,87865,1912,966,1536,746,44228,45018
10,370,2000,1.0,0,5782,2865,3954,2314,307387,309027,615339,2887,1912,1505,884,218347,218968,87865,1912,966,1539,747,44905,45697
10,370,3000,1.0,0,5782,2865,3852,2273,282087,283666,615339,2887,1912,1429,834,198723,199318,87865,1912,966,1513,736,41887,42664
10,370,3750,1.0,0,5782,2865,3748,2233,262449,263964,615339,2887,1912,1362,786,183879,184455,87865,1912,966,1476,722,39383,40137
10,370,3500,1.0,0,5782,2865,3787,2249,268843,270381,615339,2887,1912,1388,806,188715,189297,87865,1912,966,1489,725,40184,40948
10,440,500,1.0,0,5782,2865,3675,2215,261164,262624,615339,2887,1912,1314,751,181985,182548,87865,1912,966,1457,700,39637,40394
10,370,3250,1.0,0,5782,2865,3819,2258,275361,276922,615339,2887,1912,1409,821,193596,194184,87865,1912,966,1500,731,41037,41806
10,440,750,1.0,0,5782,2865,3675,2215,261164,262624,615339,2887,1912,1314,751,181985,182548,87865,1912,966,1457,700,39637,40394
10,440,1000,1.0,0,5782,2865,3675,2215,261164,262624,615339,2887,1912,1314,751,181985,182548,87865,1912,966,1457,700,39637,40394
10,440,1250,1.0,0,5782,2865,3675,2215,261164,262624,615339,2887,1912,1314,751,181985,182548,87865,1912,966,1457,700,39637,40394
10,440,1500,1.0,0,5782,2865,3675,2215,261163,262623,615339,2887,1912,1314,751,181984,182547,87865,1912,966,1457,700,39637,40394
10,440,1750,1.0,0,5782,2865,3675,2215,260985,262445,615339,2887,1912,1314,751,181842,182405,87865,1912,966,1457,700,39617,40374
10,440,2000,1.0,0,5782,2865,3672,2213,259033,260492,615339,2887,1912,1311,750,180309,180870,87865,1912,966,1457,700,39397,40154
10,440,2250,1.0,0,5782,2865,3653,2211,255703,257145,615339,2887,1912,1292,733,177729,178288,87865,1912,966,1457,700,38976,39733
10,440,2500,1.0,0,5782,2865,3644,2206,251490,252928,615339,2887,1912,1286,730,174465,175021,87865,1912,966,1454,699,38456,39211
10,440,2750,1.0,0,5782,2865,3620,2198,246888,248310,615339,2887,1912,1268,717,170972,171523,87865,1912,966,1448,696,37852,38604
10,440,3000,1.0,0,5782,2865,3598,2186,241950,243362,615339,2887,1912,1256,711,167207,167752,87865,1912,966,1438,692,37226,37972
10,440,3250,1.0,0,5782,2865,3574,2173,236803,238204,615339,2887,1912,1242,702,163335,163875,87865,1912,966,1428,690,36539,37277
10,510,500,1.0,0,5782,2865,3394,2104,216766,218056,615339,2887,1912,1148,634,147831,148345,87865,1912,966,1355,648,34204,34911
10,440,3500,1.0,0,5782,2865,3548,2165,231819,233202,615339,2887,1912,1225,691,159665,160199,87865,1912,966,1419,685,35854,36588
10,440,3750,1.0,0,5782,2865,3517,2155,226795,228157,615339,2887,1912,1204,673,155910,156441,87865,1912,966,1409,682,35202,35929
10,510,750,1.0,0,5782,2865,3394,2104,216766,218056,615339,2887,1912,1148,634,147831,148345,87865,1912,966,1355,648,34204,34911
10,510,1250,1.0,0,5782,2865,3394,2104,216766,218056,615339,2887,1912,1148,634,147831,148345,87865,1912,966,1355,648,34204,34911
10,510,1500,1.0,0,5782,2865,3394,2104,216766,218056,615339,2887,1912,1148,634,147831,148345,87865,1912,966,1355,648,34204,34911
10,510,1000,1.0,0,5782,2865,3394,2104,216766,218056,615339,2887,1912,1148,634,147831,148345,87865,1912,966,1355,648,34204,34911
10,510,1750,1.0,0,5782,2865,3394,2104,216766,218056,615339,2887,1912,1148,634,147831,148345,87865,1912,966,1355,648,34204,34911
10,510,2000,1.0,0,5782,2865,3394,2104,216670,217960,615339,2887,1912,1148,634,147755,148269,87865,1912,966,1355,648,34195,34902
10,510,2250,1.0,0,5782,2865,3387,2103,215375,216659,615339,2887,1912,1141,628,146776,147289,87865,1912,966,1355,648,34018,34725
10,510,2500,1.0,0,5782,2865,3383,2099,213016,214300,615339,2887,1912,1138,628,144959,145469,87865,1912,966,1354,648,33731,34437
10,510,3000,1.0,0,5782,2865,3352,2083,206532,207801,615339,2887,1912,1120,618,140064,140566,87865,1912,966,1341,643,32874,33572
10,510,3250,1.0,0,5782,2865,3332,2071,202779,204040,615339,2887,1912,1109,612,137272,137769,87865,1912,966,1332,641,32355,33046
10,510,2750,1.0,0,5782,2865,3367,2092,209986,211261,615339,2887,1912,1127,621,142663,143169,87865,1912,966,1349,646,33331,34034
10,510,3750,1.0,0,5782,2865,3284,2056,195153,196381,615339,2887,1912,1076,587,131720,132209,87865,1912,966,1317,635,31263,31945
10,510,3500,1.0,0,5782,2865,3310,2064,199050,200296,615339,2887,1912,1095,603,134577,135069,87865,1912,966,1324,637,31807,32494
10,580,500,1.0,0,5782,2865,3082,1983,180926,182025,615339,2887,1912,971,513,120828,121286,87865,1912,966,1240,580,29454,30114
10,580,750,1.0,0,5782,2865,3082,1983,180926,182025,615339,2887,1912,971,513,120828,121286,87865,1912,966,1240,580,29454,30114
10,580,1000,1.0,0,5782,2865,3082,1983,180926,182025,615339,2887,1912,971,513,120828,121286,87865,1912,966,1240,580,29454,30114
10,580,1250,1.0,0,5782,2865,3082,1983,180926,182025,615339,2887,1912,971,513,120828,121286,87865,1912,966,1240,580,29454,30114
10,580,1500,1.0,0,5782,2865,3082,1983,180926,182025,615339,2887,1912,971,513,120828,121286,87865,1912,966,1240,580,29454,30114
10,580,1750,1.0,0,5782,2865,3082,1983,180926,182025,615339,2887,1912,971,513,120828,121286,87865,1912,966,1240,580,29454,30114
10,580,2000,1.0,0,5782,2865,3082,1983,180926,182025,615339,2887,1912,971,513,120828,121286,87865,1912,966,1240,580,29454,30114
10,580,2250,1.0,0,5782,2865,3082,1983,180876,181975,615339,2887,1912,971,513,120794,121252,87865,1912,966,1240,580,29444,30104
10,580,2500,1.0,0,5782,2865,3080,1981,179972,181071,615339,2887,1912,969,513,120102,120558,87865,1912,966,1240,580,29331,29991
10,580,3500,1.0,0,5782,2865,3030,1954,170684,171760,615339,2887,1912,941,498,113250,113693,87865,1912,966,1218,574,28036,28680
10,580,2750,1.0,0,5782,2865,3069,1975,178331,179425,615339,2887,1912,962,509,118855,119308,87865,1912,966,1236,579,29123,29780
10,580,3000,1.0,0,5782,2865,3059,1968,176094,177185,615339,2887,1912,958,508,117161,117611,87865,1912,966,1230,577,28837,29490
10,580,3250,1.0,0,5782,2865,3046,1961,173464,174549,615339,2887,1912,952,504,115240,115688,87865,1912,966,1223,575,28464,29112
10,580,3750,1.0,0,5782,2865,3014,1950,167772,168836,615339,2887,1912,928,487,111122,111563,87865,1912,966,1215,573,27633,28275
10,650,750,1.0,0,5782,2865,2820,1866,151748,152702,615339,2887,1912,827,418,99297,99706,87865,1912,966,1136,531,25319,25924
10,650,500,1.0,0,5782,2865,2820,1866,151748,152702,615339,2887,1912,827,418,99297,99706,87865,1912,966,1136,531,25319,25924
10,650,1000,1.0,0,5782,2865,2820,1866,151748,152702,615339,2887,1912,827,418,99297,99706,87865,1912,966,1136,531,25319,25924
10,650,1250,1.0,0,5782,2865,2820,1866,151748,152702,615339,2887,1912,827,418,99297,99706,87865,1912,966,1136,531,25319,25924
10,650,1500,1.0,0,5782,2865,2820,1866,151748,152702,615339,2887,1912,827,418,99297,99706,87865,1912,966,1136,531,25319,25924
10,650,1750,1.0,0,5782,2865,2820,1866,151748,152702,615339,2887,1912,827,418,99297,99706,87865,1912,966,1136,531,25319,25924
10,650,2000,1.0,0,5782,2865,2820,1866,151748,152702,615339,2887,1912,827,418,99297,99706,87865,1912,966,1136,531,25319,25924
10,650,2250,1.0,0,5782,2865,2820,1866,151748,152702,615339,2887,1912,827,418,99297,99706,87865,1912,966,1136,531,25319,25924
10,650,2500,1.0,0,5782,2865,2820,1866,151719,152673,615339,2887,1912,827,418,99277,99686,87865,1912,966,1136,531,25312,25917
10,650,2750,1.0,0,5782,2865,2818,1865,151134,152087,615339,2887,1912,825,417,98842,99250,87865,1912,966,1136,531,25232,25837
10,650,3000,1.0,0,5782,2865,2811,1860,149884,150835,615339,2887,1912,822,416,97893,98299,87865,1912,966,1132,530,25075,25677
10,650,3250,1.0,0,5782,2865,2804,1855,148160,149109,615339,2887,1912,819,414,96657,97062,87865,1912,966,1128,530,24820,25418
10,650,3500,1.0,0,5782,2865,2795,1850,146240,147185,615339,2887,1912,814,412,95292,95694,87865,1912,966,1124,529,24524,25119
10,650,3750,1.0,0,5782,2865,2785,1847,144106,145044,615339,2887,1912,807,406,93748,94149,87865,1912,966,1121,528,24234,24827
10,720,500,1.0,0,5782,2865,2567,1739,128483,129311,615339,2887,1912,713,351,82547,82909,87865,1912,966,1024,472,21939,22491
10,720,750,1.0,0,5782,2865,2567,1739,128483,129311,615339,2887,1912,713,351,82547,82909,87865,1912,966,1024,472,21939,22491
10,720,1000,1.0,0,5782,2865,2567,1739,128483,129311,615339,2887,1912,713,351,82547,82909,87865,1912,966,1024,472,21939,22491
10,720,1250,1.0,0,5782,2865,2567,1739,128483,129311,615339,2887,1912,713,351,82547,82909,87865,1912,966,1024,472,21939,22491
10,720,1500,1.0,0,5782,2865,2567,1739,128483,129311,615339,2887,1912,713,351,82547,82909,87865,1912,966,1024,472,21939,22491
10,720,2000,1.0,0,5782,2865,2567,1739,128483,129311,615339,2887,1912,713,351,82547,82909,87865,1912,966,1024,472,21939,22491
10,720,1750,1.0,0,5782,2865,2567,1739,128483,129311,615339,2887,1912,713,351,82547,82909,87865,1912,966,1024,472,21939,22491
10,720,2250,1.0,0,5782,2865,2567,1739,128483,129311,615339,2887,1912,713,351,82547,82909,87865,1912,966,1024,472,21939,22491
10,720,2500,1.0,0,5782,2865,2567,1739,128483,129311,615339,2887,1912,713,351,82547,82909,87865,1912,966,1024,472,21939,22491
10,720,2750,1.0,0,5782,2865,2567,1739,128478,129306,615339,2887,1912,713,351,82544,82906,87865,1912,966,1024,472,21938,22490
10,720,3250,1.0,0,5782,2865,2562,1735,127127,127954,615339,2887,1912,710,350,81570,81930,87865,1912,966,1022,472,21741,22291
10,720,3000,1.0,0,5782,2865,2564,1736,128078,128906,615339,2887,1912,712,351,82248,82609,87865,1912,966,1022,472,21884,22434
10,720,3500,1.0,0,5782,2865,2556,1732,125854,126678,615339,2887,1912,706,348,80671,81029,87865,1912,966,1020,472,21540,22088
10,790,500,1.0,0,5782,2865,2331,1610,109326,110047,615339,2887,1912,615,300,69157,69472,87865,1912,966,914,416,18892,19390
10,720,3750,1.0,0,5782,2865,2550,1729,124352,125173,615339,2887,1912,702,345,79585,79942,87865,1912,966,1018,472,21343,21889
10,790,750,1.0,0,5782,2865,2331,1610,109326,110047,615339,2887,1912,615,300,69157,69472,87865,1912,966,914,416,18892,19390
10,790,1000,1.0,0,5782,2865,2331,1610,109326,110047,615339,2887,1912,615,300,69157,69472,87865,1912,966,914,416,18892,19390
10,790,1250,1.0,0,5782,2865,2331,1610,109326,110047,615339,2887,1912,615,300,69157,69472,87865,1912,966,914,416,18892,19390
10,790,1500,1.0,0,5782,2865,2331,1610,109326,110047,615339,2887,1912,615,300,69157,69472,87865,1912,966,914,416,18892,19390
10,790,2250,1.0,0,5782,2865,2331,1610,109326,110047,615339,2887,1912,615,300,69157,69472,87865,1912,966,914,416,18892,19390
10,790,1750,1.0,0,5782,2865,2331,1610,109326,110047,615339,2887,1912,615,300,69157,69472,87865,1912,966,914,416,18892,19390
10,790,2000,1.0,0,5782,2865,2331,1610,109326,110047,615339,2887,1912,615,300,69157,69472,87865,1912,966,914,416,18892,19390
10,790,2500,1.0,0,5782,2865,2331,1610,109326,110047,615339,2887,1912,615,300,69157,69472,87865,1912,966,914,416,18892,19390
10,790,2750,1.0,0,5782,2865,2331,1610,109326,110047,615339,2887,1912,615,300,69157,69472,87865,1912,966,914,416,18892,19390
10,790,3000,1.0,0,5782,2865,2331,1610,109321,110042,615339,2887,1912,615,300,69153,69468,87865,1912,966,914,416,18892,19390
10,790,3250,1.0,0,5782,2865,2329,1609,108986,109706,615339,2887,1912,613,299,68917,69231,87865,1912,966,914,416,18839,19337
10,790,3500,1.0,0,5782,2865,2327,1608,108278,108997,615339,2887,1912,611,299,68423,68735,87865,1912,966,914,416,18727,19225
10,790,3750,1.0,0,5782,2865,2324,1607,107284,108001,615339,2887,1912,609,297,67701,68013,87865,1912,966,913,416,18601,19098
10,860,750,1.0,0,5782,2865,2138,1499,93470,94109,615339,2887,1912,539,261,58154,58432,87865,1912,966,825,374,16416,16867
10,860,500,1.0,0,5782,2865,2138,1499,93470,94109,615339,2887,1912,539,261,58154,58432,87865,1912,966,825,374,16416,16867
10,860,1000,1.0,0,5782,2865,2138,1499,93470,94109,615339,2887,1912,539,261,58154,58432,87865,1912,966,825,374,16416,16867
10,860,1250,1.0,0,5782,2865,2138,1499,93470,94109,615339,2887,1912,539,261,58154,58432,87865,1912,966,825,374,16416,16867
10,860,1500,1.0,0,5782,2865,2138,1499,93470,94109,615339,2887,1912,539,261,58154,58432,87865,1912,966,825,374,16416,16867
10,860,1750,1.0,0,5782,2865,2138,1499,93470,94109,615339,2887,1912,539,261,58154,58432,87865,1912,966,825,374,16416,16867
10,860,2000,1.0,0,5782,2865,2138,1499,93470,94109,615339,2887,1912,539,261,58154,58432,87865,1912,966,825,374,16416,16867
10,860,2250,1.0,0,5782,2865,2138,1499,93470,94109,615339,2887,1912,539,261,58154,58432,87865,1912,966,825,374,16416,16867
10,860,2500,1.0,0,5782,2865,2138,1499,93470,94109,615339,2887,1912,539,261,58154,58432,87865,1912,966,825,374,16416,16867
10,860,3000,1.0,0,5782,2865,2138,1499,93469,94108,615339,2887,1912,539,261,58153,58431,87865,1912,966,825,374,16416,16867
10,860,2750,1.0,0,5782,2865,2138,1499,93470,94109,615339,2887,1912,539,261,58154,58432,87865,1912,966,825,374,16416,16867
10,860,3250,1.0,0,5782,2865,2138,1499,93468,94107,615339,2887,1912,539,261,58152,58430,87865,1912,966,825,374,16416,16867
10,860,3500,1.0,0,5782,2865,2137,1499,93252,93890,615339,2887,1912,538,261,58008,58285,87865,1912,966,825,374,16382,16833
10,930,500,1.0,0,5782,2865,1969,1409,80672,81232,615339,2887,1912,485,228,49411,49668,87865,1912,966,751,330,14402,14823
10,860,3750,1.0,0,5782,2865,2136,1499,92722,93359,615339,2887,1912,537,260,57624,57901,87865,1912,966,825,374,16314,16765
10,930,750,1.0,0,5782,2865,1969,1409,80672,81232,615339,2887,1912,485,228,49411,49668,87865,1912,966,751,330,14402,14823
10,930,1000,1.0,0,5782,2865,1969,1409,80672,81232,615339,2887,1912,485,228,49411,49668,87865,1912,966,751,330,14402,14823
10,930,1250,1.0,0,5782,2865,1969,1409,80672,81232,615339,2887,1912,485,228,49411,49668,87865,1912,966,751,330,14402,14823
10,930,1500,1.0,0,5782,2865,1969,1409,80672,81232,615339,2887,1912,485,228,49411,49668,87865,1912,966,751,330,14402,14823
10,930,1750,1.0,0,5782,2865,1969,1409,80672,81232,615339,2887,1912,485,228,49411,49668,87865,1912,966,751,330,14402,14823
10,930,2000,1.0,0,5782,2865,1969,1409,80672,81232,615339,2887,1912,485,228,49411,49668,87865,1912,966,751,330,14402,14823
10,930,2250,1.0,0,5782,2865,1969,1409,80672,81232,615339,2887,1912,485,228,49411,49668,87865,1912,966,751,330,14402,14823
10,930,2500,1.0,0,5782,2865,1969,1409,80672,81232,615339,2887,1912,485,228,49411,49668,87865,1912,966,751,330,14402,14823
10,930,2750,1.0,0,5782,2865,1969,1409,80672,81232,615339,2887,1912,485,228,49411,49668,87865,1912,966,751,330,14402,14823
10,930,3000,1.0,0,5782,2865,1969,1409,80672,81232,615339,2887,1912,485,228,49411,49668,87865,1912,966,751,330,14402,14823
10,930,3250,1.0,0,5782,2865,1969,1409,80672,81232,615339,2887,1912,485,228,49411,49668,87865,1912,966,751,330,14402,14823
10,930,3500,1.0,0,5782,2865,1969,1409,80672,81232,615339,2887,1912,485,228,49411,49668,87865,1912,966,751,330,14402,14823
10,930,3750,1.0,0,5782,2865,1968,1409,80489,81048,615339,2887,1912,484,227,49277,49534,87865,1912,966,751,330,14379,14800
10,300,500,1.5,0,5782,2865,4095,2353,332698,334440,615339,2887,1912,1665,981,241861,242545,87865,1912,966,1551,746,45491,46296
10,300,750,1.5,0,5782,2865,4095,2353,332698,334440,615339,2887,1912,1665,981,241861,242545,87865,1912,966,1551,746,45491,46296
10,300,1000,1.5,0,5782,2865,4095,2353,332697,334439,615339,2887,1912,1665,981,241860,242544,87865,1912,966,1551,746,45491,46296
10,300,1250,1.5,0,5782,2865,4093,2352,332145,333886,615339,2887,1912,1663,980,241412,242095,87865,1912,966,1551,746,45433,46238
10,300,1500,1.5,0,5782,2865,4079,2345,328473,330207,615339,2887,1912,1649,974,238437,239112,87865,1912,966,1551,746,45064,45869
10,300,1750,1.5,0,5782,2865,4065,2341,322751,324475,615339,2887,1912,1637,965,233842,234514,87865,1912,966,1549,746,44473,45276
10,300,2000,1.5,0,5782,2865,4049,2336,315719,317432,615339,2887,1912,1623,957,228230,228896,87865,1912,966,1547,744,43770,44573
10,300,2250,1.5,0,5782,2865,4016,2327,308232,309921,615339,2887,1912,1597,936,222376,223037,87865,1912,966,1540,741,42919,43718
10,300,2500,1.5,0,5782,2865,3991,2318,300523,302196,615339,2887,1912,1575,921,216330,216984,87865,1912,966,1537,740,42079,42876
10,300,3000,1.5,0,5782,2865,3903,2282,285037,286658,615339,2887,1912,1511,881,204288,204918,87865,1912,966,1513,729,40315,41099
10,300,2750,1.5,0,5782,2865,3941,2297,292709,294353,615339,2887,1912,1535,896,210260,210899,87865,1912,966,1527,737,41190,41980
10,300,3750,1.5,0,5782,2865,3770,2231,263218,264757,615339,2887,1912,1425,823,187676,188278,87865,1912,966,1466,709,37647,38404
10,300,3500,1.5,0,5782,2865,3820,2253,270274,271841,615339,2887,1912,1457,845,193058,193670,87865,1912,966,1484,713,38513,39284
10,300,3250,1.5,0,5782,2865,3858,2264,277520,279114,615339,2887,1912,1483,863,198519,199139,87865,1912,966,1496,720,39412,40188
10,370,500,1.5,0,5782,2865,3792,2242,275851,277401,615339,2887,1912,1446,839,196085,196692,87865,1912,966,1472,701,39807,40578
10,370,750,1.5,0,5782,2865,3792,2242,275851,277401,615339,2887,1912,1446,839,196085,196692,87865,1912,966,1472,701,39807,40578
10,370,1000,1.5,0,5782,2865,3792,2242,275851,277401,615339,2887,1912,1446,839,196085,196692,87865,1912,966,1472,701,39807,40578
10,370,1250,1.5,0,5782,2865,3792,2242,275849,277399,615339,2887,1912,1446,839,196084,196691,87865,1912,966,1472,701,39807,40578
10,370,1500,1.5,0,5782,2865,3791,2242,275548,277097,615339,2887,1912,1445,838,195837,196444,87865,1912,966,1472,701,39781,40552
10,370,2750,1.5,0,5782,2865,3709,2212,252829,254326,615339,2887,1912,1377,791,178234,178820,87865,1912,966,1458,697,37152,37913
10,370,2500,1.5,0,5782,2865,3739,2224,258499,260014,615339,2887,1912,1400,807,182568,183161,87865,1912,966,1465,699,37846,38612
10,370,2000,1.5,0,5782,2865,3778,2238,269021,270561,615339,2887,1912,1433,830,190689,191292,87865,1912,966,1471,701,39075,39845
10,370,2250,1.5,0,5782,2865,3754,2232,264016,265538,615339,2887,1912,1412,813,186825,187424,87865,1912,966,1468,700,38484,39252
10,370,1750,1.5,0,5782,2865,3785,2241,273161,274705,615339,2887,1912,1440,834,193940,194546,87865,1912,966,1471,701,39513,40283
10,370,3000,1.5,0,5782,2865,3682,2197,247011,248496,615339,2887,1912,1361,784,173762,174339,87865,1912,966,1447,692,36462,37217
10,370,3250,1.5,0,5782,2865,3650,2183,241168,242635,615339,2887,1912,1341,771,169334,169904,87865,1912,966,1435,687,35735,36483
10,440,500,1.5,0,5782,2865,3514,2143,228417,229788,615339,2887,1912,1252,705,158831,159378,87865,1912,966,1394,657,34498,35235
10,370,3750,1.5,0,5782,2865,3581,2158,229859,231282,615339,2887,1912,1296,738,160879,161437,87865,1912,966,1411,678,34276,35009
10,370,3500,1.5,0,5782,2865,3618,2174,235493,236937,615339,2887,1912,1320,756,165120,165684,87865,1912,966,1424,681,34986,35729
10,440,750,1.5,0,5782,2865,3514,2143,228417,229788,615339,2887,1912,1252,705,158831,159378,87865,1912,966,1394,657,34498,35235
10,440,1000,1.5,0,5782,2865,3514,2143,228417,229788,615339,2887,1912,1252,705,158831,159378,87865,1912,966,1394,657,34498,35235
10,440,1250,1.5,0,5782,2865,3514,2143,228417,229788,615339,2887,1912,1252,705,158831,159378,87865,1912,966,1394,657,34498,35235
10,440,1750,1.5,0,5782,2865,3514,2143,228265,229636,615339,2887,1912,1252,705,158711,159258,87865,1912,966,1394,657,34482,35219
10,440,1500,1.5,0,5782,2865,3514,2143,228416,229787,615339,2887,1912,1252,705,158830,159377,87865,1912,966,1394,657,34498,35235
10,440,2000,1.5,0,5782,2865,3511,2141,226552,227922,615339,2887,1912,1249,704,157378,157923,87865,1912,966,1394,657,34290,35027
10,440,2500,1.5,0,5782,2865,3485,2134,219994,221345,615339,2887,1912,1226,686,152356,152896,87865,1912,966,1391,656,33464,34199
10,440,2250,1.5,0,5782,2865,3494,2139,223659,225014,615339,2887,1912,1232,689,155163,155706,87865,1912,966,1394,657,33924,34661
10,440,3000,1.5,0,5782,2865,3442,2114,211712,213040,615339,2887,1912,1197,668,146087,146616,87865,1912,966,1377,651,32409,33135
10,440,2750,1.5,0,5782,2865,3462,2126,216018,217354,615339,2887,1912,1208,673,149365,149900,87865,1912,966,1386,654,32944,33676
10,440,3250,1.5,0,5782,2865,3419,2102,207269,208586,615339,2887,1912,1183,659,142764,143288,87865,1912,966,1368,649,31826,32545
10,440,3500,1.5,0,5782,2865,3393,2094,202933,204232,615339,2887,1912,1166,648,139602,140120,87865,1912,966,1359,644,31227,31942
10,510,500,1.5,0,5782,2865,3250,2037,189367,190580,615339,2887,1912,1097,596,128877,129378,87865,1912,966,1298,609,29773,30462
10,440,3750,1.5,0,5782,2865,3364,2084,198508,199788,615339,2887,1912,1147,632,136312,136827,87865,1912,966,1349,641,30651,31359
10,510,750,1.5,0,5782,2865,3250,2037,189367,190580,615339,2887,1912,1097,596,128877,129378,87865,1912,966,1298,609,29773,30462
10,510,1000,1.5,0,5782,2865,3250,2037,189367,190580,615339,2887,1912,1097,596,128877,129378,87865,1912,966,1298,609,29773,30462
10,510,1250,1.5,0,5782,2865,3250,2037,189367,190580,615339,2887,1912,1097,596,128877,129378,87865,1912,966,1298,609,29773,30462
10,510,1500,1.5,0,5782,2865,3250,2037,189367,190580,615339,2887,1912,1097,596,128877,129378,87865,1912,966,1298,609,29773,30462
10,510,1750,1.5,0,5782,2865,3250,2037,189367,190580,615339,2887,1912,1097,596,128877,129378,87865,1912,966,1298,609,29773,30462
10,510,2000,1.5,0,5782,2865,3250,2037,189281,190494,615339,2887,1912,1097,596,128811,129312,87865,1912,966,1298,609,29764,30453
10,510,2250,1.5,0,5782,2865,3244,2036,188156,189364,615339,2887,1912,1091,591,127975,128475,87865,1912,966,1298,609,29606,30295
10,510,2500,1.5,0,5782,2865,3240,2032,186113,187321,615339,2887,1912,1088,591,126412,126909,87865,1912,966,1297,609,29362,30050
10,510,2750,1.5,0,5782,2865,3225,2025,183505,184705,615339,2887,1912,1077,584,124455,124948,87865,1912,966,1293,608,29016,29701
10,510,3000,1.5,0,5782,2865,3212,2016,180502,181698,615339,2887,1912,1071,582,122195,122684,87865,1912,966,1286,606,28625,29305
10,510,3250,1.5,0,5782,2865,3192,2004,177262,178450,615339,2887,1912,1060,576,119800,120284,87865,1912,966,1277,604,28179,28852
10,510,3500,1.5,0,5782,2865,3170,1997,174037,175210,615339,2887,1912,1046,567,117489,117968,87865,1912,966,1269,600,27705,28374
10,510,3750,1.5,0,5782,2865,3146,1989,170619,171776,615339,2887,1912,1029,553,114996,115472,87865,1912,966,1262,598,27228,27892
10,580,750,1.5,0,5782,2865,2960,1921,157972,159011,615339,2887,1912,934,488,105318,105764,87865,1912,966,1189,545,25632,26276
10,580,1000,1.5,0,5782,2865,2960,1921,157972,159011,615339,2887,1912,934,488,105318,105764,87865,1912,966,1189,545,25632,26276
10,580,500,1.5,0,5782,2865,2960,1921,157972,159011,615339,2887,1912,934,488,105318,105764,87865,1912,966,1189,545,25632,26276
10,580,1250,1.5,0,5782,2865,2960,1921,157972,159011,615339,2887,1912,934,488,105318,105764,87865,1912,966,1189,545,25632,26276
10,580,1500,1.5,0,5782,2865,2960,1921,157972,159011,615339,2887,1912,934,488,105318,105764,87865,1912,966,1189,545,25632,26276
10,580,1750,1.5,0,5782,2865,2960,1921,157972,159011,615339,2887,1912,934,488,105318,105764,87865,1912,966,1189,545,25632,26276
10,580,2000,1.5,0,5782,2865,2960,1921,157972,159011,615339,2887,1912,934,488,105318,105764,87865,1912,966,1189,545,25632,26276
10,580,2250,1.5,0,5782,2865,2960,1921,157926,158965,615339,2887,1912,934,488,105287,105733,87865,1912,966,1189,545,25622,26266
10,580,2750,1.5,0,5782,2865,2947,1913,155730,156764,615339,2887,1912,925,484,103616,104057,87865,1912,966,1185,544,25354,25995
10,580,2500,1.5,0,5782,2865,2958,1919,157150,158189,615339,2887,1912,932,488,104690,105134,87865,1912,966,1189,545,25531,26175
10,580,3000,1.5,0,5782,2865,2937,1906,153789,154820,615339,2887,1912,921,483,102149,102587,87865,1912,966,1179,542,25105,25742
10,580,3500,1.5,0,5782,2865,2908,1892,149117,150133,615339,2887,1912,904,473,98803,99234,87865,1912,966,1167,539,24411,25039
10,580,3250,1.5,0,5782,2865,2924,1899,151521,152546,615339,2887,1912,915,479,100504,100940,87865,1912,966,1172,540,24783,25415
10,580,3750,1.5,0,5782,2865,2893,1888,146567,147572,615339,2887,1912,892,463,96947,97376,87865,1912,966,1164,538,24057,24683
10,650,500,1.5,0,5782,2865,2708,1804,132432,133336,615339,2887,1912,797,400,86518,86915,87865,1912,966,1088,499,22046,22635
10,650,750,1.5,0,5782,2865,2708,1804,132432,133336,615339,2887,1912,797,400,86518,86915,87865,1912,966,1088,499,22046,22635
10,650,1000,1.5,0,5782,2865,2708,1804,132432,133336,615339,2887,1912,797,400,86518,86915,87865,1912,966,1088,499,22046,22635
10,650,1250,1.5,0,5782,2865,2708,1804,132432,133336,615339,2887,1912,797,400,86518,86915,87865,1912,966,1088,499,22046,22635
10,650,1500,1.5,0,5782,2865,2708,1804,132432,133336,615339,2887,1912,797,400,86518,86915,87865,1912,966,1088,499,22046,22635
10,650,1750,1.5,0,5782,2865,2708,1804,132432,133336,615339,2887,1912,797,400,86518,86915,87865,1912,966,1088,499,22046,22635
10,650,2000,1.5,0,5782,2865,2708,1804,132432,133336,615339,2887,1912,797,400,86518,86915,87865,1912,966,1088,499,22046,22635
10,650,2250,1.5,0,5782,2865,2708,1804,132432,133336,615339,2887,1912,797,400,86518,86915,87865,1912,966,1088,499,22046,22635
10,650,2500,1.5,0,5782,2865,2708,1804,132406,133310,615339,2887,1912,797,400,86500,86897,87865,1912,966,1088,499,22040,22629
10,650,2750,1.5,0,5782,2865,2706,1803,131891,132794,615339,2887,1912,795,399,86114,86510,87865,1912,966,1088,499,21976,22565
10,650,3000,1.5,0,5782,2865,2699,1798,130802,131703,615339,2887,1912,792,398,85292,85686,87865,1912,966,1084,498,21837,22423
10,650,3250,1.5,0,5782,2865,2692,1793,129317,130216,615339,2887,1912,789,396,84237,84630,87865,1912,966,1080,498,21617,22199
10,650,3750,1.5,0,5782,2865,2673,1785,125794,126682,615339,2887,1912,777,388,81728,82117,87865,1912,966,1073,496,21104,21681
10,650,3500,1.5,0,5782,2865,2683,1788,127667,128562,615339,2887,1912,784,394,83079,83469,87865,1912,966,1076,497,21358,21937
10,720,1000,1.5,0,5782,2865,2463,1678,112166,112951,615339,2887,1912,685,334,72002,72353,87865,1912,966,982,446,19107,19643
10,720,750,1.5,0,5782,2865,2463,1678,112166,112951,615339,2887,1912,685,334,72002,72353,87865,1912,966,982,446,19107,19643
10,720,500,1.5,0,5782,2865,2463,1678,112166,112951,615339,2887,1912,685,334,72002,72353,87865,1912,966,982,446,19107,19643
10,720,1250,1.5,0,5782,2865,2463,1678,112166,112951,615339,2887,1912,685,334,72002,72353,87865,1912,966,982,446,19107,19643
10,720,1500,1.5,0,5782,2865,2463,1678,112166,112951,615339,2887,1912,685,334,72002,72353,87865,1912,966,982,446,19107,19643
10,720,1750,1.5,0,5782,2865,2463,1678,112166,112951,615339,2887,1912,685,334,72002,72353,87865,1912,966,982,446,19107,19643
10,720,2000,1.5,0,5782,2865,2463,1678,112166,112951,615339,2887,1912,685,334,72002,72353,87865,1912,966,982,446,19107,19643
10,720,2250,1.5,0,5782,2865,2463,1678,112166,112951,615339,2887,1912,685,334,72002,72353,87865,1912,966,982,446,19107,19643
10,720,2500,1.5,0,5782,2865,2463,1678,112166,112951,615339,2887,1912,685,334,72002,72353,87865,1912,966,982,446,19107,19643
10,720,2750,1.5,0,5782,2865,2463,1678,112162,112947,615339,2887,1912,685,334,71999,72350,87865,1912,966,982,446,19106,19642
10,720,3000,1.5,0,5782,2865,2460,1675,111816,112601,615339,2887,1912,684,334,71745,72095,87865,1912,966,980,446,19057,19591
10,720,3250,1.5,0,5782,2865,2458,1674,110990,111774,615339,2887,1912,682,333,71163,71512,87865,1912,966,980,446,18932,19466
10,720,3500,1.5,0,5782,2865,2452,1671,109888,110669,615339,2887,1912,678,331,70393,70740,87865,1912,966,978,446,18759,19291
10,720,3750,1.5,0,5782,2865,2446,1668,108569,109347,615339,2887,1912,674,328,69438,69784,87865,1912,966,976,446,18592,19122
10,790,500,1.5,0,5782,2865,2237,1556,95423,96104,615339,2887,1912,592,285,60358,60665,87865,1912,966,877,391,16425,16911
10,790,750,1.5,0,5782,2865,2237,1556,95423,96104,615339,2887,1912,592,285,60358,60665,87865,1912,966,877,391,16425,16911
10,790,1000,1.5,0,5782,2865,2237,1556,95423,96104,615339,2887,1912,592,285,60358,60665,87865,1912,966,877,391,16425,16911
10,790,1250,1.5,0,5782,2865,2237,1556,95423,96104,615339,2887,1912,592,285,60358,60665,87865,1912,966,877,391,16425,16911
10,790,1500,1.5,0,5782,2865,2237,1556,95423,96104,615339,2887,1912,592,285,60358,60665,87865,1912,966,877,391,16425,16911
10,790,1750,1.5,0,5782,2865,2237,1556,95423,96104,615339,2887,1912,592,285,60358,60665,87865,1912,966,877,391,16425,16911
10,790,2000,1.5,0,5782,2865,2237,1556,95423,96104,615339,2887,1912,592,285,60358,60665,87865,1912,966,877,391,16425,16911
10,790,2250,1.5,0,5782,2865,2237,1556,95423,96104,615339,2887,1912,592,285,60358,60665,87865,1912,966,877,391,16425,16911
10,790,2500,1.5,0,5782,2865,2237,1556,95423,96104,615339,2887,1912,592,285,60358,60665,87865,1912,966,877,391,16425,16911
10,790,2750,1.5,0,5782,2865,2237,1556,95423,96104,615339,2887,1912,592,285,60358,60665,87865,1912,966,877,391,16425,16911
10,790,3000,1.5,0,5782,2865,2237,1556,95418,96099,615339,2887,1912,592,285,60354,60661,87865,1912,966,877,391,16425,16911
10,790,3250,1.5,0,5782,2865,2235,1555,95122,95802,615339,2887,1912,590,284,60147,60453,87865,1912,966,877,391,16380,16866
10,790,3750,1.5,0,5782,2865,2230,1553,93639,94316,615339,2887,1912,586,282,59089,59393,87865,1912,966,876,391,16177,16662
10,790,3500,1.5,0,5782,2865,2233,1554,94501,95180,615339,2887,1912,588,284,59718,60022,87865,1912,966,877,391,16280,16766
10,860,500,1.5,0,5782,2865,2053,1449,81554,82158,615339,2887,1912,519,248,50745,51016,87865,1912,966,791,352,14277,14716
10,860,1000,1.5,0,5782,2865,2053,1449,81554,82158,615339,2887,1912,519,248,50745,51016,87865,1912,966,791,352,14277,14716
10,860,750,1.5,0,5782,2865,2053,1449,81554,82158,615339,2887,1912,519,248,50745,51016,87865,1912,966,791,352,14277,14716
10,860,1250,1.5,0,5782,2865,2053,1449,81554,82158,615339,2887,1912,519,248,50745,51016,87865,1912,966,791,352,14277,14716
10,860,1500,1.5,0,5782,2865,2053,1449,81554,82158,615339,2887,1912,519,248,50745,51016,87865,1912,966,791,352,14277,14716
10,860,1750,1.5,0,5782,2865,2053,1449,81554,82158,615339,2887,1912,519,248,50745,51016,87865,1912,966,791,352,14277,14716
10,860,2000,1.5,0,5782,2865,2053,1449,81554,82158,615339,2887,1912,519,248,50745,51016,87865,1912,966,791,352,14277,14716
10,860,2250,1.5,0,5782,2865,2053,1449,81554,82158,615339,2887,1912,519,248,50745,51016,87865,1912,966,791,352,14277,14716
10,860,2750,1.5,0,5782,2865,2053,1449,81554,82158,615339,2887,1912,519,248,50745,51016,87865,1912,966,791,352,14277,14716
10,860,2500,1.5,0,5782,2865,2053,1449,81554,82158,615339,2887,1912,519,248,50745,51016,87865,1912,966,791,352,14277,14716
10,860,3000,1.5,0,5782,2865,2053,1449,81553,82157,615339,2887,1912,519,248,50744,51015,87865,1912,966,791,352,14277,14716
10,860,3250,1.5,0,5782,2865,2053,1449,81552,82156,615339,2887,1912,519,248,50743,51014,87865,1912,966,791,352,14277,14716
10,860,3500,1.5,0,5782,2865,2052,1449,81361,81964,615339,2887,1912,518,248,50617,50887,87865,1912,966,791,352,14246,14685
10,860,3750,1.5,0,5782,2865,2051,1449,80902,81504,615339,2887,1912,517,247,50281,50551,87865,1912,966,791,352,14190,14629
10,930,500,1.5,0,5782,2865,1888,1362,70358,70884,615339,2887,1912,467,216,43112,43363,87865,1912,966,718,308,12517,12927
10,930,750,1.5,0,5782,2865,1888,1362,70358,70884,615339,2887,1912,467,216,43112,43363,87865,1912,966,718,308,12517,12927
10,930,1000,1.5,0,5782,2865,1888,1362,70358,70884,615339,2887,1912,467,216,43112,43363,87865,1912,966,718,308,12517,12927
10,930,1250,1.5,0,5782,2865,1888,1362,70358,70884,615339,2887,1912,467,216,43112,43363,87865,1912,966,718,308,12517,12927
10,930,1500,1.5,0,5782,2865,1888,1362,70358,70884,615339,2887,1912,467,216,43112,43363,87865,1912,966,718,308,12517,12927
10,930,1750,1.5,0,5782,2865,1888,1362,70358,70884,615339,2887,1912,467,216,43112,43363,87865,1912,966,718,308,12517,12927
10,930,2000,1.5,0,5782,2865,1888,1362,70358,70884,615339,2887,1912,467,216,43112,43363,87865,1912,966,718,308,12517,12927
10,930,2500,1.5,0,5782,2865,1888,1362,70358,70884,615339,2887,1912,467,216,43112,43363,87865,1912,966,718,308,12517,12927
10,930,2250,1.5,0,5782,2865,1888,1362,70358,70884,615339,2887,1912,467,216,43112,43363,87865,1912,966,718,308,12517,12927
10,930,2750,1.5,0,5782,2865,1888,1362,70358,70884,615339,2887,1912,467,216,43112,43363,87865,1912,966,718,308,12517,12927
10,930,3000,1.5,0,5782,2865,1888,1362,70358,70884,615339,2887,1912,467,216,43112,43363,87865,1912,966,718,308,12517,12927
10,930,3250,1.5,0,5782,2865,1888,1362,70358,70884,615339,2887,1912,467,216,43112,43363,87865,1912,966,718,308,12517,12927
10,930,3750,1.5,0,5782,2865,1887,1362,70199,70724,615339,2887,1912,466,215,42996,43247,87865,1912,966,718,308,12499,12909
10,930,3500,1.5,0,5782,2865,1888,1362,70358,70884,615339,2887,1912,467,216,43112,43363,87865,1912,966,718,308,12517,12927
10,300,500,2.0,0,5782,2865,3880,2268,289939,291551,615339,2887,1912,1565,910,210417,211072,87865,1912,966,1465,687,39274,40052
10,300,750,2.0,0,5782,2865,3880,2268,289939,291551,615339,2887,1912,1565,910,210417,211072,87865,1912,966,1465,687,39274,40052
10,300,1000,2.0,0,5782,2865,3880,2268,289938,291550,615339,2887,1912,1565,910,210416,211071,87865,1912,966,1465,687,39274,40052
10,300,1250,2.0,0,5782,2865,3878,2267,289454,291065,615339,2887,1912,1563,909,210027,210681,87865,1912,966,1465,687,39224,40002
10,300,1500,2.0,0,5782,2865,3864,2260,286195,287799,615339,2887,1912,1549,903,207424,208070,87865,1912,966,1465,687,38886,39664
10,300,1750,2.0,0,5782,2865,3852,2256,281162,282758,615339,2887,1912,1539,896,203447,204090,87865,1912,966,1463,687,38356,39132
10,300,2000,2.0,0,5782,2865,3838,2252,274969,276555,615339,2887,1912,1527,889,198561,199199,87865,1912,966,1461,685,37741,38517
10,300,2250,2.0,0,5782,2865,3807,2244,268432,269995,615339,2887,1912,1502,869,193499,194132,87865,1912,966,1455,682,37010,37783
10,300,2500,2.0,0,5782,2865,3785,2235,261686,263236,615339,2887,1912,1483,857,188259,188885,87865,1912,966,1452,681,36275,37046
10,300,2750,2.0,0,5782,2865,3737,2216,254833,256354,615339,2887,1912,1445,832,182976,183589,87865,1912,966,1442,678,35505,36269
10,300,3000,2.0,0,5782,2865,3702,2201,248102,249603,615339,2887,1912,1422,818,177780,178384,87865,1912,966,1430,672,34745,35503
10,300,3250,2.0,0,5782,2865,3657,2183,241523,242997,615339,2887,1912,1394,800,172755,173349,87865,1912,966,1413,663,33966,34716
10,300,3500,2.0,0,5782,2865,3619,2172,235223,236670,615339,2887,1912,1368,782,168016,168602,87865,1912,966,1401,656,33202,33947
10,300,3750,2.0,0,5782,2865,3572,2151,229052,230473,615339,2887,1912,1338,761,163325,163902,87865,1912,966,1384,653,32450,33181
10,370,500,2.0,0,5782,2865,3599,2163,239902,241338,615339,2887,1912,1362,780,170322,170904,87865,1912,966,1391,646,34295,35040
10,370,750,2.0,0,5782,2865,3599,2163,239902,241338,615339,2887,1912,1362,780,170322,170904,87865,1912,966,1391,646,34295,35040
10,370,1000,2.0,0,5782,2865,3599,2163,239902,241338,615339,2887,1912,1362,780,170322,170904,87865,1912,966,1391,646,34295,35040
